id,or name it,part,group,word,meaning,how many,read these in order,notes,status
A01,letters-vowels,A letters,स्वराः,,,11,अ   आ   इ   ई   उ   ऊ   ऋ   ए   ऐ   ओ   औ,vowels alone,
A02,letters-ka-varga,A letters,कवर्गः,,,5,क   ख   ग   घ   ङ,"each consonant with its a: ka, kha, ga ...",
A03,letters-ca-varga,A letters,चवर्गः,,,5,च   छ   ज   झ   ञ,"each consonant with its a: ka, kha, ga ...",
A04,letters-tta-varga,A letters,टवर्गः,,,5,ट   ठ   ड   ढ   ण,"each consonant with its a: ka, kha, ga ...",
A05,letters-ta-varga,A letters,तवर्गः,,,5,त   थ   द   ध   न,"each consonant with its a: ka, kha, ga ...",
A06,letters-pa-varga,A letters,पवर्गः,,,5,प   फ   ब   भ   म,"each consonant with its a: ka, kha, ga ...",
A07,letters-antastha,A letters,अन्तस्थाः,,,4,य   र   ल   व,"each consonant with its a: ka, kha, ga ...",
A08,letters-ushma,A letters,ऊष्माणः,,,4,श   ष   स   ह,"each consonant with its a: ka, kha, ga ...",
B001,jana-eka,B tables,"एकवचनम्, पुंलिङ्गम्",जन,person,8,जनः   जनम्   जनेन   जनाय   जनात्   जनस्य   जने   जन,,
B002,simha-eka,B tables,"एकवचनम्, पुंलिङ्गम्",सिंह,lion,8,सिंहः   सिंहम्   सिंहेन   सिंहाय   सिंहात्   सिंहस्य   सिंहे   सिंह,,
B003,raama-eka,B tables,"एकवचनम्, पुंलिङ्गम्",राम,Rama,8,रामः   रामम्   रामेण   रामाय   रामात्   रामस्य   रामे   राम,,
B004,vriksha-eka,B tables,"एकवचनम्, पुंलिङ्गम्",वृक्ष,tree,8,वृक्षः   वृक्षम्   वृक्षेण   वृक्षाय   वृक्षात्   वृक्षस्य   वृक्षे   वृक्ष,,
B005,baka-eka,B tables,"एकवचनम्, पुंलिङ्गम्",बक,crane,8,बकः   बकम्   बकेन   बकाय   बकात्   बकस्य   बके   बक,,
B006,cora-eka,B tables,"एकवचनम्, पुंलिङ्गम्",चोर,thief,8,चोरः   चोरम्   चोरेण   चोराय   चोरात्   चोरस्य   चोरे   चोर,,
B007,megha-eka,B tables,"एकवचनम्, पुंलिङ्गम्",मेघ,cloud,8,मेघः   मेघम्   मेघेन   मेघाय   मेघात्   मेघस्य   मेघे   मेघ,,
B008,ghata-eka,B tables,"एकवचनम्, पुंलिङ्गम्",घट,pot,8,घटः   घटम्   घटेन   घटाय   घटात्   घटस्य   घटे   घट,,
B009,tadaaga-eka,B tables,"एकवचनम्, पुंलिङ्गम्",तडाग,pond,8,तडागः   तडागम्   तडागेन   तडागाय   तडागात्   तडागस्य   तडागे   तडाग,,
B010,matsya-eka,B tables,"एकवचनम्, पुंलिङ्गम्",मत्स्य,fish,8,मत्स्यः   मत्स्यम्   मत्स्येन   मत्स्याय   मत्स्यात्   मत्स्यस्य   मत्स्ये   मत्स्य,,
B011,aacaarya-eka,B tables,"एकवचनम्, पुंलिङ्गम्",आचार्य,master,8,आचार्यः   आचार्यम्   आचार्येण   आचार्याय   आचार्यात्   आचार्यस्य   आचार्ये   आचार्य,,
B012,krishna-eka,B tables,"एकवचनम्, पुंलिङ्गम्",कृष्ण,Krishna,8,कृष्णः   कृष्णम्   कृष्णेन   कृष्णाय   कृष्णात्   कृष्णस्य   कृष्णे   कृष्ण,,
B013,baalaka-eka,B tables,"एकवचनम्, पुंलिङ्गम्",बालक,boy,8,बालकः   बालकम्   बालकेन   बालकाय   बालकात्   बालकस्य   बालके   बालक,,
B014,muushaka-eka,B tables,"एकवचनम्, पुंलिङ्गम्",मूषक,mouse,8,मूषकः   मूषकम्   मूषकेण   मूषकाय   मूषकात्   मूषकस्य   मूषके   मूषक,,
B015,vaanara-eka,B tables,"एकवचनम्, पुंलिङ्गम्",वानर,monkey,8,वानरः   वानरम्   वानरेण   वानराय   वानरात्   वानरस्य   वानरे   वानर,,
B016,khaga-eka,B tables,"एकवचनम्, पुंलिङ्गम्",खग,bird,8,खगः   खगम्   खगेन   खगाय   खगात्   खगस्य   खगे   खग,,
B017,kapota-eka,B tables,"एकवचनम्, पुंलिङ्गम्",कपोत,pigeon,8,कपोतः   कपोतम्   कपोतेन   कपोताय   कपोतात्   कपोतस्य   कपोते   कपोत,,
B018,nripa-eka,B tables,"एकवचनम्, पुंलिङ्गम्",नृप,king,8,नृपः   नृपम्   नृपेण   नृपाय   नृपात्   नृपस्य   नृपे   नृप,,
B019,parvata-eka,B tables,"एकवचनम्, पुंलिङ्गम्",पर्वत,mountain,8,पर्वतः   पर्वतम्   पर्वतेन   पर्वताय   पर्वतात्   पर्वतस्य   पर्वते   पर्वत,,
B020,chaatra-eka,B tables,"एकवचनम्, पुंलिङ्गम्",छात्र,student,8,छात्रः   छात्रम्   छात्रेण   छात्राय   छात्रात्   छात्रस्य   छात्रे   छात्र,,
B021,krishaka-eka,B tables,"एकवचनम्, पुंलिङ्गम्",कृषक,farmer,8,कृषकः   कृषकम्   कृषकेण   कृषकाय   कृषकात्   कृषकस्य   कृषके   कृषक,,
B022,ashva-eka,B tables,"एकवचनम्, पुंलिङ्गम्",अश्व,horse,8,अश्वः   अश्वम्   अश्वेन   अश्वाय   अश्वात्   अश्वस्य   अश्वे   अश्व,,
B023,mriga-eka,B tables,"एकवचनम्, पुंलिङ्गम्",मृग,deer,8,मृगः   मृगम्   मृगेण   मृगाय   मृगात्   मृगस्य   मृगे   मृग,,
B024,putra-eka,B tables,"एकवचनम्, पुंलिङ्गम्",पुत्र,son,8,पुत्रः   पुत्रम्   पुत्रेण   पुत्राय   पुत्रात्   पुत्रस्य   पुत्रे   पुत्र,,
B025,deva-eka,B tables,"एकवचनम्, पुंलिङ्गम्",देव,god,8,देवः   देवम्   देवेन   देवाय   देवात्   देवस्य   देवे   देव,,
B026,aananda-eka,B tables,"एकवचनम्, पुंलिङ्गम्",आनन्द,joy,8,आनन्दः   आनन्दम्   आनन्देन   आनन्दाय   आनन्दात्   आनन्दस्य   आनन्दे   आनन्द,,
B027,vaidya-eka,B tables,"एकवचनम्, पुंलिङ्गम्",वैद्य,doctor,8,वैद्यः   वैद्यम्   वैद्येन   वैद्याय   वैद्यात्   वैद्यस्य   वैद्ये   वैद्य,,
B028,gaja-eka,B tables,"एकवचनम्, पुंलिङ्गम्",गज,elephant,8,गजः   गजम्   गजेन   गजाय   गजात्   गजस्य   गजे   गज,,
B029,grantha-eka,B tables,"एकवचनम्, पुंलिङ्गम्",ग्रन्थ,book,8,ग्रन्थः   ग्रन्थम्   ग्रन्थेन   ग्रन्थाय   ग्रन्थात्   ग्रन्थस्य   ग्रन्थे   ग्रन्थ,,
B030,shishya-eka,B tables,"एकवचनम्, पुंलिङ्गम्",शिष्य,disciple,8,शिष्यः   शिष्यम्   शिष्येण   शिष्याय   शिष्यात्   शिष्यस्य   शिष्ये   शिष्य,,
B031,kaaka-eka,B tables,"एकवचनम्, पुंलिङ्गम्",काक,crow,8,काकः   काकम्   काकेन   काकाय   काकात्   काकस्य   काके   काक,,
B032,graama-eka,B tables,"एकवचनम्, पुंलिङ्गम्",ग्राम,village,8,ग्रामः   ग्रामम्   ग्रामेण   ग्रामाय   ग्रामात्   ग्रामस्य   ग्रामे   ग्राम,,
B033,kacchapa-eka,B tables,"एकवचनम्, पुंलिङ्गम्",कच्छप,tortoise,8,कच्छपः   कच्छपम्   कच्छपेन   कच्छपाय   कच्छपात्   कच्छपस्य   कच्छपे   कच्छप,,
B034,hamsa-eka,B tables,"एकवचनम्, पुंलिङ्गम्",हंस,swan,8,हंसः   हंसम्   हंसेन   हंसाय   हंसात्   हंसस्य   हंसे   हंस,,
B035,dasharatha-eka,B tables,"एकवचनम्, पुंलिङ्गम्",दशरथ,Dasharatha,8,दशरथः   दशरथम्   दशरथेन   दशरथाय   दशरथात्   दशरथस्य   दशरथे   दशरथ,,
B036,utsava-eka,B tables,"एकवचनम्, पुंलिङ्गम्",उत्सव,festival,8,उत्सवः   उत्सवम्   उत्सवेन   उत्सवाय   उत्सवात्   उत्सवस्य   उत्सवे   उत्सव,,
B037,janaka-eka,B tables,"एकवचनम्, पुंलिङ्गम्",जनक,father,8,जनकः   जनकम्   जनकेन   जनकाय   जनकात्   जनकस्य   जनके   जनक,,
B038,dharma-eka,B tables,"एकवचनम्, पुंलिङ्गम्",धर्म,dharma,8,धर्मः   धर्मम्   धर्मेण   धर्माय   धर्मात्   धर्मस्य   धर्मे   धर्म,,
B039,indra-eka,B tables,"एकवचनम्, पुंलिङ्गम्",इन्द्र,Indra,8,इन्द्रः   इन्द्रम्   इन्द्रेण   इन्द्राय   इन्द्रात्   इन्द्रस्य   इन्द्रे   इन्द्र,,
B040,shiva-eka,B tables,"एकवचनम्, पुंलिङ्गम्",शिव,Shiva,8,शिवः   शिवम्   शिवेन   शिवाय   शिवात्   शिवस्य   शिवे   शिव,,
B041,ganesha-eka,B tables,"एकवचनम्, पुंलिङ्गम्",गणेश,Ganesha,8,गणेशः   गणेशम्   गणेशेन   गणेशाय   गणेशात्   गणेशस्य   गणेशे   गणेश,,
B042,naarada-eka,B tables,"एकवचनम्, पुंलिङ्गम्",नारद,Narada,8,नारदः   नारदम्   नारदेन   नारदाय   नारदात्   नारदस्य   नारदे   नारद,,
B043,shikshaka-eka,B tables,"एकवचनम्, पुंलिङ्गम्",शिक्षक,teacher,8,शिक्षकः   शिक्षकम्   शिक्षकेण   शिक्षकाय   शिक्षकात्   शिक्षकस्य   शिक्षके   शिक्षक,,
B044,mayuura-eka,B tables,"एकवचनम्, पुंलिङ्गम्",मयूर,peacock,8,मयूरः   मयूरम्   मयूरेण   मयूराय   मयूरात्   मयूरस्य   मयूरे   मयूर,,
B045,sevaka-eka,B tables,"एकवचनम्, पुंलिङ्गम्",सेवक,servant,8,सेवकः   सेवकम्   सेवकेन   सेवकाय   सेवकात्   सेवकस्य   सेवके   सेवक,,
B046,svara-eka,B tables,"एकवचनम्, पुंलिङ्गम्",स्वर,note,8,स्वरः   स्वरम्   स्वरेण   स्वराय   स्वरात्   स्वरस्य   स्वरे   स्वर,,
B047,desha-eka,B tables,"एकवचनम्, पुंलिङ्गम्",देश,country,8,देशः   देशम्   देशेन   देशाय   देशात्   देशस्य   देशे   देश,,
B048,maarga-eka,B tables,"एकवचनम्, पुंलिङ्गम्",मार्ग,road,8,मार्गः   मार्गम्   मार्गेण   मार्गाय   मार्गात्   मार्गस्य   मार्गे   मार्ग,,
B049,diipa-eka,B tables,"एकवचनम्, पुंलिङ्गम्",दीप,lamp,8,दीपः   दीपम्   दीपेन   दीपाय   दीपात्   दीपस्य   दीपे   दीप,,
B050,hasta-eka,B tables,"एकवचनम्, पुंलिङ्गम्",हस्त,hand,8,हस्तः   हस्तम्   हस्तेन   हस्ताय   हस्तात्   हस्तस्य   हस्ते   हस्त,,
B051,aapana-eka,B tables,"एकवचनम्, पुंलिङ्गम्",आपण,shop,8,आपणः   आपणम्   आपणेन   आपणाय   आपणात्   आपणस्य   आपणे   आपण,,
B052,vidyaalaya-eka,B tables,"एकवचनम्, पुंलिङ्गम्",विद्यालय,school,8,विद्यालयः   विद्यालयम्   विद्यालयेन   विद्यालयाय   विद्यालयात्   विद्यालयस्य   विद्यालये   विद्यालय,,
B053,paada-eka,B tables,"एकवचनम्, पुंलिङ्गम्",पाद,foot,8,पादः   पादम्   पादेन   पादाय   पादात्   पादस्य   पादे   पाद,,
B054,suurya-eka,B tables,"एकवचनम्, पुंलिङ्गम्",सूर्य,sun,8,सूर्यः   सूर्यम्   सूर्येण   सूर्याय   सूर्यात्   सूर्यस्य   सूर्ये   सूर्य,,
B055,candra-eka,B tables,"एकवचनम्, पुंलिङ्गम्",चन्द्र,moon,8,चन्द्रः   चन्द्रम्   चन्द्रेण   चन्द्राय   चन्द्रात्   चन्द्रस्य   चन्द्रे   चन्द्र,,
B056,siitaa-eka,B tables,"एकवचनम्, स्त्रीलिङ्गम्",सीता,Sita,8,सीता   सीताम्   सीतया   सीतायै   सीतायाः   सीतायाः   सीतायाम्   सीते,,
B057,baalikaa-eka,B tables,"एकवचनम्, स्त्रीलिङ्गम्",बालिका,girl,8,बालिका   बालिकाम्   बालिकया   बालिकायै   बालिकायाः   बालिकायाः   बालिकायाम्   बालिके,,
B058,kavitaa-eka,B tables,"एकवचनम्, स्त्रीलिङ्गम्",कविता,poem,8,कविता   कविताम्   कवितया   कवितायै   कवितायाः   कवितायाः   कवितायाम्   कविते,,
B059,draakshaa-eka,B tables,"एकवचनम्, स्त्रीलिङ्गम्",द्राक्षा,grape,8,द्राक्षा   द्राक्षाम्   द्राक्षया   द्राक्षायै   द्राक्षायाः   द्राक्षायाः   द्राक्षायाम्   द्राक्षे,,
B060,vidyaa-eka,B tables,"एकवचनम्, स्त्रीलिङ्गम्",विद्या,learning,8,विद्या   विद्याम्   विद्यया   विद्यायै   विद्यायाः   विद्यायाः   विद्यायाम्   विद्ये,,
B061,chaatraa-eka,B tables,"एकवचनम्, स्त्रीलिङ्गम्",छात्रा,student,8,छात्रा   छात्राम्   छात्रया   छात्रायै   छात्रायाः   छात्रायाः   छात्रायाम्   छात्रे,,
B062,sandhyaa-eka,B tables,"एकवचनम्, स्त्रीलिङ्गम्",सन्ध्या,evening,8,सन्ध्या   सन्ध्याम्   सन्ध्यया   सन्ध्यायै   सन्ध्यायाः   सन्ध्यायाः   सन्ध्यायाम्   सन्ध्ये,,
B063,ajaa-eka,B tables,"एकवचनम्, स्त्रीलिङ्गम्",अजा,goat,8,अजा   अजाम्   अजया   अजायै   अजायाः   अजायाः   अजायाम्   अजे,,
B064,ayodhyaa-eka,B tables,"एकवचनम्, स्त्रीलिङ्गम्",अयोध्या,Ayodhya,8,अयोध्या   अयोध्याम्   अयोध्यया   अयोध्यायै   अयोध्यायाः   अयोध्यायाः   अयोध्यायाम्   अयोध्ये,,
B065,vriddhaa-eka,B tables,"एकवचनम्, स्त्रीलिङ्गम्",वृद्धा,old woman,8,वृद्धा   वृद्धाम्   वृद्धया   वृद्धायै   वृद्धायाः   वृद्धायाः   वृद्धायाम्   वृद्धे,,
B066,puujaa-eka,B tables,"एकवचनम्, स्त्रीलिङ्गम्",पूजा,worship,8,पूजा   पूजाम्   पूजया   पूजायै   पूजायाः   पूजायाः   पूजायाम्   पूजे,,
B067,paathashaalaa-eka,B tables,"एकवचनम्, स्त्रीलिङ्गम्",पाठशाला,school,8,पाठशाला   पाठशालाम्   पाठशालया   पाठशालायै   पाठशालायाः   पाठशालायाः   पाठशालायाम्   पाठशाले,,
B068,shikshikaa-eka,B tables,"एकवचनम्, स्त्रीलिङ्गम्",शिक्षिका,teacher,8,शिक्षिका   शिक्षिकाम्   शिक्षिकया   शिक्षिकायै   शिक्षिकायाः   शिक्षिकायाः   शिक्षिकायाम्   शिक्षिके,,
B069,kathaa-eka,B tables,"एकवचनम्, स्त्रीलिङ्गम्",कथा,story,8,कथा   कथाम्   कथया   कथायै   कथायाः   कथायाः   कथायाम्   कथे,,
B070,kakshaa-eka,B tables,"एकवचनम्, स्त्रीलिङ्गम्",कक्षा,classroom,8,कक्षा   कक्षाम्   कक्षया   कक्षायै   कक्षायाः   कक्षायाः   कक्षायाम्   कक्षे,,
B071,ramaa-eka,B tables,"एकवचनम्, स्त्रीलिङ्गम्",रमा,Ramā,8,रमा   रमाम्   रमया   रमायै   रमायाः   रमायाः   रमायाम्   रमे,,
B072,lataa-eka,B tables,"एकवचनम्, स्त्रीलिङ्गम्",लता,creeper,8,लता   लताम्   लतया   लतायै   लतायाः   लतायाः   लतायाम्   लते,,
B073,maalaa-eka,B tables,"एकवचनम्, स्त्रीलिङ्गम्",माला,garland,8,माला   मालाम्   मालया   मालायै   मालायाः   मालायाः   मालायाम्   माले,,
B074,bhaashaa-eka,B tables,"एकवचनम्, स्त्रीलिङ्गम्",भाषा,language,8,भाषा   भाषाम्   भाषया   भाषायै   भाषायाः   भाषायाः   भाषायाम्   भाषे,,
B075,patrikaa-eka,B tables,"एकवचनम्, स्त्रीलिङ्गम्",पत्रिका,magazine,8,पत्रिका   पत्रिकाम्   पत्रिकया   पत्रिकायै   पत्रिकायाः   पत्रिकायाः   पत्रिकायाम्   पत्रिके,,
B076,ganggaa-eka,B tables,"एकवचनम्, स्त्रीलिङ्गम्",गङ्गा,the Ganga,8,गङ्गा   गङ्गाम्   गङ्गया   गङ्गायै   गङ्गायाः   गङ्गायाः   गङ्गायाम्   गङ्गे,,
B077,adhyaapikaa-eka,B tables,"एकवचनम्, स्त्रीलिङ्गम्",अध्यापिका,teacher,8,अध्यापिका   अध्यापिकाम्   अध्यापिकया   अध्यापिकायै   अध्यापिकायाः   अध्यापिकायाः   अध्यापिकायाम्   अध्यापिके,,
B078,naukaa-eka,B tables,"एकवचनम्, स्त्रीलिङ्गम्",नौका,boat,8,नौका   नौकाम्   नौकया   नौकायै   नौकायाः   नौकायाः   नौकायाम्   नौके,,
B079,shaakhaa-eka,B tables,"एकवचनम्, स्त्रीलिङ्गम्",शाखा,branch,8,शाखा   शाखाम्   शाखया   शाखायै   शाखायाः   शाखायाः   शाखायाम्   शाखे,,
B080,nadii-eka,B tables,"एकवचनम्, स्त्रीलिङ्गम्",नदी,river,8,नदी   नदीम्   नद्या   नद्यै   नद्याः   नद्याः   नद्याम्   नदि,,
B081,devii-eka,B tables,"एकवचनम्, स्त्रीलिङ्गम्",देवी,goddess,8,देवी   देवीम्   देव्या   देव्यै   देव्याः   देव्याः   देव्याम्   देवि,,
B082,nagarii-eka,B tables,"एकवचनम्, स्त्रीलिङ्गम्",नगरी,city,8,नगरी   नगरीम्   नगर्या   नगर्यै   नगर्याः   नगर्याः   नगर्याम्   नगरि,,
B083,putrii-eka,B tables,"एकवचनम्, स्त्रीलिङ्गम्",पुत्री,daughter,8,पुत्री   पुत्रीम्   पुत्र्या   पुत्र्यै   पुत्र्याः   पुत्र्याः   पुत्र्याम्   पुत्रि,,
B084,jananii-eka,B tables,"एकवचनम्, स्त्रीलिङ्गम्",जननी,mother,8,जननी   जननीम्   जनन्या   जनन्यै   जनन्याः   जनन्याः   जनन्याम्   जननि,,
B085,lekhanii-eka,B tables,"एकवचनम्, स्त्रीलिङ्गम्",लेखनी,pen,8,लेखनी   लेखनीम्   लेखन्या   लेखन्यै   लेखन्याः   लेखन्याः   लेखन्याम्   लेखनि,,
B086,naarii-eka,B tables,"एकवचनम्, स्त्रीलिङ्गम्",नारी,woman,8,नारी   नारीम्   नार्या   नार्यै   नार्याः   नार्याः   नार्याम्   नारि,,
B087,bhaginii-eka,B tables,"एकवचनम्, स्त्रीलिङ्गम्",भगिनी,sister,8,भगिनी   भगिनीम्   भगिन्या   भगिन्यै   भगिन्याः   भगिन्याः   भगिन्याम्   भगिनि,,
B088,sakhii-eka,B tables,"एकवचनम्, स्त्रीलिङ्गम्",सखी,friend,8,सखी   सखीम्   सख्या   सख्यै   सख्याः   सख्याः   सख्याम्   सखि,,
B089,raajnyii-eka,B tables,"एकवचनम्, स्त्रीलिङ्गम्",राज्ञी,queen,8,राज्ञी   राज्ञीम्   राज्ञ्या   राज्ञ्यै   राज्ञ्याः   राज्ञ्याः   राज्ञ्याम्   राज्ञि,,
B090,kumaarii-eka,B tables,"एकवचनम्, स्त्रीलिङ्गम्",कुमारी,girl,8,कुमारी   कुमारीम्   कुमार्या   कुमार्यै   कुमार्याः   कुमार्याः   कुमार्याम्   कुमारि,,
B091,prithvii-eka,B tables,"एकवचनम्, स्त्रीलिङ्गम्",पृथ्वी,the earth,8,पृथ्वी   पृथ्वीम्   पृथ्व्या   पृथ्व्यै   पृथ्व्याः   पृथ्व्याः   पृथ्व्याम्   पृथ्वि,,
B092,vaanii-eka,B tables,"एकवचनम्, स्त्रीलिङ्गम्",वाणी,speech,8,वाणी   वाणीम्   वाण्या   वाण्यै   वाण्याः   वाण्याः   वाण्याम्   वाणि,,
B093,duuravaanii-eka,B tables,"एकवचनम्, स्त्रीलिङ्गम्",दूरवाणी,phone,8,दूरवाणी   दूरवाणीम्   दूरवाण्या   दूरवाण्यै   दूरवाण्याः   दूरवाण्याः   दूरवाण्याम्   दूरवाणि,,
B094,aasandii-eka,B tables,"एकवचनम्, स्त्रीलिङ्गम्",आसन्दी,chair,8,आसन्दी   आसन्दीम्   आसन्द्या   आसन्द्यै   आसन्द्याः   आसन्द्याः   आसन्द्याम्   आसन्दि,,
B095,kadalii-eka,B tables,"एकवचनम्, स्त्रीलिङ्गम्",कदली,banana plant,8,कदली   कदलीम्   कदल्या   कदल्यै   कदल्याः   कदल्याः   कदल्याम्   कदलि,,
B096,tarunii-eka,B tables,"एकवचनम्, स्त्रीलिङ्गम्",तरुणी,young woman,8,तरुणी   तरुणीम्   तरुण्या   तरुण्यै   तरुण्याः   तरुण्याः   तरुण्याम्   तरुणि,,
B097,vana-eka,B tables,"एकवचनम्, नपुंसकलिङ्गम्",वन,forest,8,वनम्   वनम्   वनेन   वनाय   वनात्   वनस्य   वने   वन,,
B098,jala-eka,B tables,"एकवचनम्, नपुंसकलिङ्गम्",जल,water,8,जलम्   जलम्   जलेन   जलाय   जलात्   जलस्य   जले   जल,,
B099,mitra-eka,B tables,"एकवचनम्, नपुंसकलिङ्गम्",मित्र,friend,8,मित्रम्   मित्रम्   मित्रेण   मित्राय   मित्रात्   मित्रस्य   मित्रे   मित्र,,
B100,dhana-eka,B tables,"एकवचनम्, नपुंसकलिङ्गम्",धन,wealth,8,धनम्   धनम्   धनेन   धनाय   धनात्   धनस्य   धने   धन,,
B101,griha-eka,B tables,"एकवचनम्, नपुंसकलिङ्गम्",गृह,house,8,गृहम्   गृहम्   गृहेण   गृहाय   गृहात्   गृहस्य   गृहे   गृह,,
B102,phala-eka,B tables,"एकवचनम्, नपुंसकलिङ्गम्",फल,fruit,8,फलम्   फलम्   फलेन   फलाय   फलात्   फलस्य   फले   फल,,
B103,kaarya-eka,B tables,"एकवचनम्, नपुंसकलिङ्गम्",कार्य,work,8,कार्यम्   कार्यम्   कार्येण   कार्याय   कार्यात्   कार्यस्य   कार्ये   कार्य,,
B104,udyaana-eka,B tables,"एकवचनम्, नपुंसकलिङ्गम्",उद्यान,garden,8,उद्यानम्   उद्यानम्   उद्यानेन   उद्यानाय   उद्यानात्   उद्यानस्य   उद्याने   उद्यान,,
B105,satya-eka,B tables,"एकवचनम्, नपुंसकलिङ्गम्",सत्य,truth,8,सत्यम्   सत्यम्   सत्येन   सत्याय   सत्यात्   सत्यस्य   सत्ये   सत्य,,
B106,duhkha-eka,B tables,"एकवचनम्, नपुंसकलिङ्गम्",दुःख,sorrow,8,दुःखम्   दुःखम्   दुःखेन   दुःखाय   दुःखात्   दुःखस्य   दुःखे   दुःख,,
B107,prabhaata-eka,B tables,"एकवचनम्, नपुंसकलिङ्गम्",प्रभात,morning,8,प्रभातम्   प्रभातम्   प्रभातेन   प्रभाताय   प्रभातात्   प्रभातस्य   प्रभाते   प्रभात,,
B108,pushpa-eka,B tables,"एकवचनम्, नपुंसकलिङ्गम्",पुष्प,flower,8,पुष्पम्   पुष्पम्   पुष्पेण   पुष्पाय   पुष्पात्   पुष्पस्य   पुष्पे   पुष्प,,
B109,bala-eka,B tables,"एकवचनम्, नपुंसकलिङ्गम्",बल,strength,8,बलम्   बलम्   बलेन   बलाय   बलात्   बलस्य   बले   बल,,
B110,mandira-eka,B tables,"एकवचनम्, नपुंसकलिङ्गम्",मन्दिर,temple,8,मन्दिरम्   मन्दिरम्   मन्दिरेण   मन्दिराय   मन्दिरात्   मन्दिरस्य   मन्दिरे   मन्दिर,,
B111,kshetra-eka,B tables,"एकवचनम्, नपुंसकलिङ्गम्",क्षेत्र,field,8,क्षेत्रम्   क्षेत्रम्   क्षेत्रेण   क्षेत्राय   क्षेत्रात्   क्षेत्रस्य   क्षेत्रे   क्षेत्र,,
B112,vacana-eka,B tables,"एकवचनम्, नपुंसकलिङ्गम्",वचन,word,8,वचनम्   वचनम्   वचनेन   वचनाय   वचनात्   वचनस्य   वचने   वचन,,
B113,mukha-eka,B tables,"एकवचनम्, नपुंसकलिङ्गम्",मुख,face,8,मुखम्   मुखम्   मुखेन   मुखाय   मुखात्   मुखस्य   मुखे   मुख,,
B114,gagana-eka,B tables,"एकवचनम्, नपुंसकलिङ्गम्",गगन,sky,8,गगनम्   गगनम्   गगनेन   गगनाय   गगनात्   गगनस्य   गगने   गगन,,
B115,mauna-eka,B tables,"एकवचनम्, नपुंसकलिङ्गम्",मौन,silence,8,मौनम्   मौनम्   मौनेन   मौनाय   मौनात्   मौनस्य   मौने   मौन,,
B116,varsha-eka,B tables,"एकवचनम्, नपुंसकलिङ्गम्",वर्ष,year,8,वर्षम्   वर्षम्   वर्षेण   वर्षाय   वर्षात्   वर्षस्य   वर्षे   वर्ष,,
B117,jnyaana-eka,B tables,"एकवचनम्, नपुंसकलिङ्गम्",ज्ञान,knowledge,8,ज्ञानम्   ज्ञानम्   ज्ञानेन   ज्ञानाय   ज्ञानात्   ज्ञानस्य   ज्ञाने   ज्ञान,,
B118,pustaka-eka,B tables,"एकवचनम्, नपुंसकलिङ्गम्",पुस्तक,book,8,पुस्तकम्   पुस्तकम्   पुस्तकेन   पुस्तकाय   पुस्तकात्   पुस्तकस्य   पुस्तके   पुस्तक,,
B119,vastra-eka,B tables,"एकवचनम्, नपुंसकलिङ्गम्",वस्त्र,cloth,8,वस्त्रम्   वस्त्रम्   वस्त्रेण   वस्त्राय   वस्त्रात्   वस्त्रस्य   वस्त्रे   वस्त्र,,
B120,patra-eka,B tables,"एकवचनम्, नपुंसकलिङ्गम्",पत्र,letter,8,पत्रम्   पत्रम्   पत्रेण   पत्राय   पत्रात्   पत्रस्य   पत्रे   पत्र,,
B121,bhojana-eka,B tables,"एकवचनम्, नपुंसकलिङ्गम्",भोजन,meal,8,भोजनम्   भोजनम्   भोजनेन   भोजनाय   भोजनात्   भोजनस्य   भोजने   भोजन,,
B122,netra-eka,B tables,"एकवचनम्, नपुंसकलिङ्गम्",नेत्र,eye,8,नेत्रम्   नेत्रम्   नेत्रेण   नेत्राय   नेत्रात्   नेत्रस्य   नेत्रे   नेत्र,,
B123,citra-eka,B tables,"एकवचनम्, नपुंसकलिङ्गम्",चित्र,picture,8,चित्रम्   चित्रम्   चित्रेण   चित्राय   चित्रात्   चित्रस्य   चित्रे   चित्र,,
B124,aasana-eka,B tables,"एकवचनम्, नपुंसकलिङ्गम्",आसन,seat,8,आसनम्   आसनम्   आसनेन   आसनाय   आसनात्   आसनस्य   आसने   आसन,,
B125,jana-bahu,B tables,"बहुवचनम्, पुंलिङ्गम्",जन,people,8,जनाः   जनान्   जनैः   जनेभ्यः   जनेभ्यः   जनानाम्   जनेषु   जनाः,,
B126,simha-bahu,B tables,"बहुवचनम्, पुंलिङ्गम्",सिंह,lions,8,सिंहाः   सिंहान्   सिंहैः   सिंहेभ्यः   सिंहेभ्यः   सिंहानाम्   सिंहेषु   सिंहाः,,
B127,vriksha-bahu,B tables,"बहुवचनम्, पुंलिङ्गम्",वृक्ष,trees,8,वृक्षाः   वृक्षान्   वृक्षैः   वृक्षेभ्यः   वृक्षेभ्यः   वृक्षाणाम्   वृक्षेषु   वृक्षाः,,
B128,baka-bahu,B tables,"बहुवचनम्, पुंलिङ्गम्",बक,cranes,8,बकाः   बकान्   बकैः   बकेभ्यः   बकेभ्यः   बकानाम्   बकेषु   बकाः,,
B129,cora-bahu,B tables,"बहुवचनम्, पुंलिङ्गम्",चोर,thieves,8,चोराः   चोरान्   चोरैः   चोरेभ्यः   चोरेभ्यः   चोराणाम्   चोरेषु   चोराः,,
B130,megha-bahu,B tables,"बहुवचनम्, पुंलिङ्गम्",मेघ,clouds,8,मेघाः   मेघान्   मेघैः   मेघेभ्यः   मेघेभ्यः   मेघानाम्   मेघेषु   मेघाः,,
B131,ghata-bahu,B tables,"बहुवचनम्, पुंलिङ्गम्",घट,pots,8,घटाः   घटान्   घटैः   घटेभ्यः   घटेभ्यः   घटानाम्   घटेषु   घटाः,,
B132,tadaaga-bahu,B tables,"बहुवचनम्, पुंलिङ्गम्",तडाग,ponds,8,तडागाः   तडागान्   तडागैः   तडागेभ्यः   तडागेभ्यः   तडागानाम्   तडागेषु   तडागाः,,
B133,matsya-bahu,B tables,"बहुवचनम्, पुंलिङ्गम्",मत्स्य,fish,8,मत्स्याः   मत्स्यान्   मत्स्यैः   मत्स्येभ्यः   मत्स्येभ्यः   मत्स्यानाम्   मत्स्येषु   मत्स्याः,,
B134,aacaarya-bahu,B tables,"बहुवचनम्, पुंलिङ्गम्",आचार्य,masters,8,आचार्याः   आचार्यान्   आचार्यैः   आचार्येभ्यः   आचार्येभ्यः   आचार्याणाम्   आचार्येषु   आचार्याः,,
B135,baalaka-bahu,B tables,"बहुवचनम्, पुंलिङ्गम्",बालक,boys,8,बालकाः   बालकान्   बालकैः   बालकेभ्यः   बालकेभ्यः   बालकानाम्   बालकेषु   बालकाः,,
B136,muushaka-bahu,B tables,"बहुवचनम्, पुंलिङ्गम्",मूषक,mice,8,मूषकाः   मूषकान्   मूषकैः   मूषकेभ्यः   मूषकेभ्यः   मूषकाणाम्   मूषकेषु   मूषकाः,,
B137,vaanara-bahu,B tables,"बहुवचनम्, पुंलिङ्गम्",वानर,monkeys,8,वानराः   वानरान्   वानरैः   वानरेभ्यः   वानरेभ्यः   वानराणाम्   वानरेषु   वानराः,,
B138,khaga-bahu,B tables,"बहुवचनम्, पुंलिङ्गम्",खग,birds,8,खगाः   खगान्   खगैः   खगेभ्यः   खगेभ्यः   खगानाम्   खगेषु   खगाः,,
B139,kapota-bahu,B tables,"बहुवचनम्, पुंलिङ्गम्",कपोत,pigeons,8,कपोताः   कपोतान्   कपोतैः   कपोतेभ्यः   कपोतेभ्यः   कपोतानाम्   कपोतेषु   कपोताः,,
B140,nripa-bahu,B tables,"बहुवचनम्, पुंलिङ्गम्",नृप,kings,8,नृपाः   नृपान्   नृपैः   नृपेभ्यः   नृपेभ्यः   नृपाणाम्   नृपेषु   नृपाः,,
B141,parvata-bahu,B tables,"बहुवचनम्, पुंलिङ्गम्",पर्वत,mountains,8,पर्वताः   पर्वतान्   पर्वतैः   पर्वतेभ्यः   पर्वतेभ्यः   पर्वतानाम्   पर्वतेषु   पर्वताः,,
B142,chaatra-bahu,B tables,"बहुवचनम्, पुंलिङ्गम्",छात्र,students,8,छात्राः   छात्रान्   छात्रैः   छात्रेभ्यः   छात्रेभ्यः   छात्राणाम्   छात्रेषु   छात्राः,,
B143,krishaka-bahu,B tables,"बहुवचनम्, पुंलिङ्गम्",कृषक,farmers,8,कृषकाः   कृषकान्   कृषकैः   कृषकेभ्यः   कृषकेभ्यः   कृषकाणाम्   कृषकेषु   कृषकाः,,
B144,ashva-bahu,B tables,"बहुवचनम्, पुंलिङ्गम्",अश्व,horses,8,अश्वाः   अश्वान्   अश्वैः   अश्वेभ्यः   अश्वेभ्यः   अश्वानाम्   अश्वेषु   अश्वाः,,
B145,mriga-bahu,B tables,"बहुवचनम्, पुंलिङ्गम्",मृग,deer,8,मृगाः   मृगान्   मृगैः   मृगेभ्यः   मृगेभ्यः   मृगाणाम्   मृगेषु   मृगाः,,
B146,putra-bahu,B tables,"बहुवचनम्, पुंलिङ्गम्",पुत्र,sons,8,पुत्राः   पुत्रान्   पुत्रैः   पुत्रेभ्यः   पुत्रेभ्यः   पुत्राणाम्   पुत्रेषु   पुत्राः,,
B147,deva-bahu,B tables,"बहुवचनम्, पुंलिङ्गम्",देव,gods,8,देवाः   देवान्   देवैः   देवेभ्यः   देवेभ्यः   देवानाम्   देवेषु   देवाः,,
B148,vaidya-bahu,B tables,"बहुवचनम्, पुंलिङ्गम्",वैद्य,doctors,8,वैद्याः   वैद्यान्   वैद्यैः   वैद्येभ्यः   वैद्येभ्यः   वैद्यानाम्   वैद्येषु   वैद्याः,,
B149,gaja-bahu,B tables,"बहुवचनम्, पुंलिङ्गम्",गज,elephants,8,गजाः   गजान्   गजैः   गजेभ्यः   गजेभ्यः   गजानाम्   गजेषु   गजाः,,
B150,grantha-bahu,B tables,"बहुवचनम्, पुंलिङ्गम्",ग्रन्थ,books,8,ग्रन्थाः   ग्रन्थान्   ग्रन्थैः   ग्रन्थेभ्यः   ग्रन्थेभ्यः   ग्रन्थानाम्   ग्रन्थेषु   ग्रन्थाः,,
B151,shishya-bahu,B tables,"बहुवचनम्, पुंलिङ्गम्",शिष्य,disciples,8,शिष्याः   शिष्यान्   शिष्यैः   शिष्येभ्यः   शिष्येभ्यः   शिष्याणाम्   शिष्येषु   शिष्याः,,
B152,kaaka-bahu,B tables,"बहुवचनम्, पुंलिङ्गम्",काक,crows,8,काकाः   काकान्   काकैः   काकेभ्यः   काकेभ्यः   काकानाम्   काकेषु   काकाः,,
B153,graama-bahu,B tables,"बहुवचनम्, पुंलिङ्गम्",ग्राम,villages,8,ग्रामाः   ग्रामान्   ग्रामैः   ग्रामेभ्यः   ग्रामेभ्यः   ग्रामाणाम्   ग्रामेषु   ग्रामाः,,
B154,kacchapa-bahu,B tables,"बहुवचनम्, पुंलिङ्गम्",कच्छप,tortoises,8,कच्छपाः   कच्छपान्   कच्छपैः   कच्छपेभ्यः   कच्छपेभ्यः   कच्छपानाम्   कच्छपेषु   कच्छपाः,,
B155,hamsa-bahu,B tables,"बहुवचनम्, पुंलिङ्गम्",हंस,swans,8,हंसाः   हंसान्   हंसैः   हंसेभ्यः   हंसेभ्यः   हंसानाम्   हंसेषु   हंसाः,,
B156,utsava-bahu,B tables,"बहुवचनम्, पुंलिङ्गम्",उत्सव,festivals,8,उत्सवाः   उत्सवान्   उत्सवैः   उत्सवेभ्यः   उत्सवेभ्यः   उत्सवानाम्   उत्सवेषु   उत्सवाः,,
B157,janaka-bahu,B tables,"बहुवचनम्, पुंलिङ्गम्",जनक,fathers,8,जनकाः   जनकान्   जनकैः   जनकेभ्यः   जनकेभ्यः   जनकानाम्   जनकेषु   जनकाः,,
B158,shikshaka-bahu,B tables,"बहुवचनम्, पुंलिङ्गम्",शिक्षक,teachers,8,शिक्षकाः   शिक्षकान्   शिक्षकैः   शिक्षकेभ्यः   शिक्षकेभ्यः   शिक्षकाणाम्   शिक्षकेषु   शिक्षकाः,,
B159,mayuura-bahu,B tables,"बहुवचनम्, पुंलिङ्गम्",मयूर,peacocks,8,मयूराः   मयूरान्   मयूरैः   मयूरेभ्यः   मयूरेभ्यः   मयूराणाम्   मयूरेषु   मयूराः,,
B160,sevaka-bahu,B tables,"बहुवचनम्, पुंलिङ्गम्",सेवक,servants,8,सेवकाः   सेवकान्   सेवकैः   सेवकेभ्यः   सेवकेभ्यः   सेवकानाम्   सेवकेषु   सेवकाः,,
B161,svara-bahu,B tables,"बहुवचनम्, पुंलिङ्गम्",स्वर,notes,8,स्वराः   स्वरान्   स्वरैः   स्वरेभ्यः   स्वरेभ्यः   स्वराणाम्   स्वरेषु   स्वराः,,
B162,desha-bahu,B tables,"बहुवचनम्, पुंलिङ्गम्",देश,countries,8,देशाः   देशान्   देशैः   देशेभ्यः   देशेभ्यः   देशानाम्   देशेषु   देशाः,,
B163,maarga-bahu,B tables,"बहुवचनम्, पुंलिङ्गम्",मार्ग,roads,8,मार्गाः   मार्गान्   मार्गैः   मार्गेभ्यः   मार्गेभ्यः   मार्गाणाम्   मार्गेषु   मार्गाः,,
B164,diipa-bahu,B tables,"बहुवचनम्, पुंलिङ्गम्",दीप,lamps,8,दीपाः   दीपान्   दीपैः   दीपेभ्यः   दीपेभ्यः   दीपानाम्   दीपेषु   दीपाः,,
B165,hasta-bahu,B tables,"बहुवचनम्, पुंलिङ्गम्",हस्त,hands,8,हस्ताः   हस्तान्   हस्तैः   हस्तेभ्यः   हस्तेभ्यः   हस्तानाम्   हस्तेषु   हस्ताः,,
B166,aapana-bahu,B tables,"बहुवचनम्, पुंलिङ्गम्",आपण,shops,8,आपणाः   आपणान्   आपणैः   आपणेभ्यः   आपणेभ्यः   आपणानाम्   आपणेषु   आपणाः,,
B167,vidyaalaya-bahu,B tables,"बहुवचनम्, पुंलिङ्गम्",विद्यालय,schools,8,विद्यालयाः   विद्यालयान्   विद्यालयैः   विद्यालयेभ्यः   विद्यालयेभ्यः   विद्यालयानाम्   विद्यालयेषु   विद्यालयाः,,
B168,paada-bahu,B tables,"बहुवचनम्, पुंलिङ्गम्",पाद,feet,8,पादाः   पादान्   पादैः   पादेभ्यः   पादेभ्यः   पादानाम्   पादेषु   पादाः,,
B169,baalikaa-bahu,B tables,"बहुवचनम्, स्त्रीलिङ्गम्",बालिका,girls,8,बालिकाः   बालिकाः   बालिकाभिः   बालिकाभ्यः   बालिकाभ्यः   बालिकानाम्   बालिकासु   बालिकाः,,
B170,kavitaa-bahu,B tables,"बहुवचनम्, स्त्रीलिङ्गम्",कविता,poems,8,कविताः   कविताः   कविताभिः   कविताभ्यः   कविताभ्यः   कवितानाम्   कवितासु   कविताः,,
B171,draakshaa-bahu,B tables,"बहुवचनम्, स्त्रीलिङ्गम्",द्राक्षा,grapes,8,द्राक्षाः   द्राक्षाः   द्राक्षाभिः   द्राक्षाभ्यः   द्राक्षाभ्यः   द्राक्षाणाम्   द्राक्षासु   द्राक्षाः,,
B172,chaatraa-bahu,B tables,"बहुवचनम्, स्त्रीलिङ्गम्",छात्रा,students,8,छात्राः   छात्राः   छात्राभिः   छात्राभ्यः   छात्राभ्यः   छात्राणाम्   छात्रासु   छात्राः,,
B173,sandhyaa-bahu,B tables,"बहुवचनम्, स्त्रीलिङ्गम्",सन्ध्या,evenings,8,सन्ध्याः   सन्ध्याः   सन्ध्याभिः   सन्ध्याभ्यः   सन्ध्याभ्यः   सन्ध्यानाम्   सन्ध्यासु   सन्ध्याः,,
B174,ajaa-bahu,B tables,"बहुवचनम्, स्त्रीलिङ्गम्",अजा,goats,8,अजाः   अजाः   अजाभिः   अजाभ्यः   अजाभ्यः   अजानाम्   अजासु   अजाः,,
B175,vriddhaa-bahu,B tables,"बहुवचनम्, स्त्रीलिङ्गम्",वृद्धा,old women,8,वृद्धाः   वृद्धाः   वृद्धाभिः   वृद्धाभ्यः   वृद्धाभ्यः   वृद्धानाम्   वृद्धासु   वृद्धाः,,
B176,puujaa-bahu,B tables,"बहुवचनम्, स्त्रीलिङ्गम्",पूजा,worships,8,पूजाः   पूजाः   पूजाभिः   पूजाभ्यः   पूजाभ्यः   पूजानाम्   पूजासु   पूजाः,,
B177,paathashaalaa-bahu,B tables,"बहुवचनम्, स्त्रीलिङ्गम्",पाठशाला,schools,8,पाठशालाः   पाठशालाः   पाठशालाभिः   पाठशालाभ्यः   पाठशालाभ्यः   पाठशालानाम्   पाठशालासु   पाठशालाः,,
B178,shikshikaa-bahu,B tables,"बहुवचनम्, स्त्रीलिङ्गम्",शिक्षिका,teachers,8,शिक्षिकाः   शिक्षिकाः   शिक्षिकाभिः   शिक्षिकाभ्यः   शिक्षिकाभ्यः   शिक्षिकाणाम्   शिक्षिकासु   शिक्षिकाः,,
B179,kathaa-bahu,B tables,"बहुवचनम्, स्त्रीलिङ्गम्",कथा,stories,8,कथाः   कथाः   कथाभिः   कथाभ्यः   कथाभ्यः   कथानाम्   कथासु   कथाः,,
B180,kakshaa-bahu,B tables,"बहुवचनम्, स्त्रीलिङ्गम्",कक्षा,classrooms,8,कक्षाः   कक्षाः   कक्षाभिः   कक्षाभ्यः   कक्षाभ्यः   कक्षाणाम्   कक्षासु   कक्षाः,,
B181,lataa-bahu,B tables,"बहुवचनम्, स्त्रीलिङ्गम्",लता,creepers,8,लताः   लताः   लताभिः   लताभ्यः   लताभ्यः   लतानाम्   लतासु   लताः,,
B182,maalaa-bahu,B tables,"बहुवचनम्, स्त्रीलिङ्गम्",माला,garlands,8,मालाः   मालाः   मालाभिः   मालाभ्यः   मालाभ्यः   मालानाम्   मालासु   मालाः,,
B183,bhaashaa-bahu,B tables,"बहुवचनम्, स्त्रीलिङ्गम्",भाषा,languages,8,भाषाः   भाषाः   भाषाभिः   भाषाभ्यः   भाषाभ्यः   भाषाणाम्   भाषासु   भाषाः,,
B184,patrikaa-bahu,B tables,"बहुवचनम्, स्त्रीलिङ्गम्",पत्रिका,magazines,8,पत्रिकाः   पत्रिकाः   पत्रिकाभिः   पत्रिकाभ्यः   पत्रिकाभ्यः   पत्रिकाणाम्   पत्रिकासु   पत्रिकाः,,
B185,adhyaapikaa-bahu,B tables,"बहुवचनम्, स्त्रीलिङ्गम्",अध्यापिका,teachers,8,अध्यापिकाः   अध्यापिकाः   अध्यापिकाभिः   अध्यापिकाभ्यः   अध्यापिकाभ्यः   अध्यापिकानाम्   अध्यापिकासु   अध्यापिकाः,,
B186,naukaa-bahu,B tables,"बहुवचनम्, स्त्रीलिङ्गम्",नौका,boats,8,नौकाः   नौकाः   नौकाभिः   नौकाभ्यः   नौकाभ्यः   नौकानाम्   नौकासु   नौकाः,,
B187,shaakhaa-bahu,B tables,"बहुवचनम्, स्त्रीलिङ्गम्",शाखा,branches,8,शाखाः   शाखाः   शाखाभिः   शाखाभ्यः   शाखाभ्यः   शाखानाम्   शाखासु   शाखाः,,
B188,nadii-bahu,B tables,"बहुवचनम्, स्त्रीलिङ्गम्",नदी,rivers,8,नद्यः   नदीः   नदीभिः   नदीभ्यः   नदीभ्यः   नदीनाम्   नदीषु   नद्यः,,
B189,devii-bahu,B tables,"बहुवचनम्, स्त्रीलिङ्गम्",देवी,goddesses,8,देव्यः   देवीः   देवीभिः   देवीभ्यः   देवीभ्यः   देवीनाम्   देवीषु   देव्यः,,
B190,nagarii-bahu,B tables,"बहुवचनम्, स्त्रीलिङ्गम्",नगरी,cities,8,नगर्यः   नगरीः   नगरीभिः   नगरीभ्यः   नगरीभ्यः   नगरीणाम्   नगरीषु   नगर्यः,,
B191,putrii-bahu,B tables,"बहुवचनम्, स्त्रीलिङ्गम्",पुत्री,daughters,8,पुत्र्यः   पुत्रीः   पुत्रीभिः   पुत्रीभ्यः   पुत्रीभ्यः   पुत्रीणाम्   पुत्रीषु   पुत्र्यः,,
B192,jananii-bahu,B tables,"बहुवचनम्, स्त्रीलिङ्गम्",जननी,mothers,8,जनन्यः   जननीः   जननीभिः   जननीभ्यः   जननीभ्यः   जननीनाम्   जननीषु   जनन्यः,,
B193,lekhanii-bahu,B tables,"बहुवचनम्, स्त्रीलिङ्गम्",लेखनी,pens,8,लेखन्यः   लेखनीः   लेखनीभिः   लेखनीभ्यः   लेखनीभ्यः   लेखनीनाम्   लेखनीषु   लेखन्यः,,
B194,naarii-bahu,B tables,"बहुवचनम्, स्त्रीलिङ्गम्",नारी,women,8,नार्यः   नारीः   नारीभिः   नारीभ्यः   नारीभ्यः   नारीणाम्   नारीषु   नार्यः,,
B195,bhaginii-bahu,B tables,"बहुवचनम्, स्त्रीलिङ्गम्",भगिनी,sisters,8,भगिन्यः   भगिनीः   भगिनीभिः   भगिनीभ्यः   भगिनीभ्यः   भगिनीनाम्   भगिनीषु   भगिन्यः,,
B196,sakhii-bahu,B tables,"बहुवचनम्, स्त्रीलिङ्गम्",सखी,friends,8,सख्यः   सखीः   सखीभिः   सखीभ्यः   सखीभ्यः   सखीनाम्   सखीषु   सख्यः,,
B197,raajnyii-bahu,B tables,"बहुवचनम्, स्त्रीलिङ्गम्",राज्ञी,queens,8,राज्ञ्यः   राज्ञीः   राज्ञीभिः   राज्ञीभ्यः   राज्ञीभ्यः   राज्ञीनाम्   राज्ञीषु   राज्ञ्यः,,
B198,kumaarii-bahu,B tables,"बहुवचनम्, स्त्रीलिङ्गम्",कुमारी,girls,8,कुमार्यः   कुमारीः   कुमारीभिः   कुमारीभ्यः   कुमारीभ्यः   कुमारीणाम्   कुमारीषु   कुमार्यः,,
B199,duuravaanii-bahu,B tables,"बहुवचनम्, स्त्रीलिङ्गम्",दूरवाणी,phones,8,दूरवाण्यः   दूरवाणीः   दूरवाणीभिः   दूरवाणीभ्यः   दूरवाणीभ्यः   दूरवाणीनाम्   दूरवाणीषु   दूरवाण्यः,,
B200,aasandii-bahu,B tables,"बहुवचनम्, स्त्रीलिङ्गम्",आसन्दी,chairs,8,आसन्द्यः   आसन्दीः   आसन्दीभिः   आसन्दीभ्यः   आसन्दीभ्यः   आसन्दीनाम्   आसन्दीषु   आसन्द्यः,,
B201,kadalii-bahu,B tables,"बहुवचनम्, स्त्रीलिङ्गम्",कदली,banana plants,8,कदल्यः   कदलीः   कदलीभिः   कदलीभ्यः   कदलीभ्यः   कदलीनाम्   कदलीषु   कदल्यः,,
B202,tarunii-bahu,B tables,"बहुवचनम्, स्त्रीलिङ्गम्",तरुणी,young women,8,तरुण्यः   तरुणीः   तरुणीभिः   तरुणीभ्यः   तरुणीभ्यः   तरुणीनाम्   तरुणीषु   तरुण्यः,,
B203,vana-bahu,B tables,"बहुवचनम्, नपुंसकलिङ्गम्",वन,forests,8,वनानि   वनानि   वनैः   वनेभ्यः   वनेभ्यः   वनानाम्   वनेषु   वनानि,,
B204,mitra-bahu,B tables,"बहुवचनम्, नपुंसकलिङ्गम्",मित्र,friends,8,मित्राणि   मित्राणि   मित्रैः   मित्रेभ्यः   मित्रेभ्यः   मित्राणाम्   मित्रेषु   मित्राणि,,
B205,griha-bahu,B tables,"बहुवचनम्, नपुंसकलिङ्गम्",गृह,houses,8,गृहाणि   गृहाणि   गृहैः   गृहेभ्यः   गृहेभ्यः   गृहाणाम्   गृहेषु   गृहाणि,,
B206,phala-bahu,B tables,"बहुवचनम्, नपुंसकलिङ्गम्",फल,fruits,8,फलानि   फलानि   फलैः   फलेभ्यः   फलेभ्यः   फलानाम्   फलेषु   फलानि,,
B207,kaarya-bahu,B tables,"बहुवचनम्, नपुंसकलिङ्गम्",कार्य,works,8,कार्याणि   कार्याणि   कार्यैः   कार्येभ्यः   कार्येभ्यः   कार्याणाम्   कार्येषु   कार्याणि,,
B208,udyaana-bahu,B tables,"बहुवचनम्, नपुंसकलिङ्गम्",उद्यान,gardens,8,उद्यानानि   उद्यानानि   उद्यानैः   उद्यानेभ्यः   उद्यानेभ्यः   उद्यानानाम्   उद्यानेषु   उद्यानानि,,
B209,pushpa-bahu,B tables,"बहुवचनम्, नपुंसकलिङ्गम्",पुष्प,flowers,8,पुष्पाणि   पुष्पाणि   पुष्पैः   पुष्पेभ्यः   पुष्पेभ्यः   पुष्पाणाम्   पुष्पेषु   पुष्पाणि,,
B210,mandira-bahu,B tables,"बहुवचनम्, नपुंसकलिङ्गम्",मन्दिर,temples,8,मन्दिराणि   मन्दिराणि   मन्दिरैः   मन्दिरेभ्यः   मन्दिरेभ्यः   मन्दिराणाम्   मन्दिरेषु   मन्दिराणि,,
B211,kshetra-bahu,B tables,"बहुवचनम्, नपुंसकलिङ्गम्",क्षेत्र,fields,8,क्षेत्राणि   क्षेत्राणि   क्षेत्रैः   क्षेत्रेभ्यः   क्षेत्रेभ्यः   क्षेत्राणाम्   क्षेत्रेषु   क्षेत्राणि,,
B212,vacana-bahu,B tables,"बहुवचनम्, नपुंसकलिङ्गम्",वचन,words,8,वचनानि   वचनानि   वचनैः   वचनेभ्यः   वचनेभ्यः   वचनानाम्   वचनेषु   वचनानि,,
B213,mukha-bahu,B tables,"बहुवचनम्, नपुंसकलिङ्गम्",मुख,faces,8,मुखानि   मुखानि   मुखैः   मुखेभ्यः   मुखेभ्यः   मुखानाम्   मुखेषु   मुखानि,,
B214,varsha-bahu,B tables,"बहुवचनम्, नपुंसकलिङ्गम्",वर्ष,years,8,वर्षाणि   वर्षाणि   वर्षैः   वर्षेभ्यः   वर्षेभ्यः   वर्षाणाम्   वर्षेषु   वर्षाणि,,
B215,pustaka-bahu,B tables,"बहुवचनम्, नपुंसकलिङ्गम्",पुस्तक,books,8,पुस्तकानि   पुस्तकानि   पुस्तकैः   पुस्तकेभ्यः   पुस्तकेभ्यः   पुस्तकानाम्   पुस्तकेषु   पुस्तकानि,,
B216,vastra-bahu,B tables,"बहुवचनम्, नपुंसकलिङ्गम्",वस्त्र,clothes,8,वस्त्राणि   वस्त्राणि   वस्त्रैः   वस्त्रेभ्यः   वस्त्रेभ्यः   वस्त्राणाम्   वस्त्रेषु   वस्त्राणि,,
B217,patra-bahu,B tables,"बहुवचनम्, नपुंसकलिङ्गम्",पत्र,letters,8,पत्राणि   पत्राणि   पत्रैः   पत्रेभ्यः   पत्रेभ्यः   पत्राणाम्   पत्रेषु   पत्राणि,,
B218,netra-bahu,B tables,"बहुवचनम्, नपुंसकलिङ्गम्",नेत्र,eyes,8,नेत्राणि   नेत्राणि   नेत्रैः   नेत्रेभ्यः   नेत्रेभ्यः   नेत्राणाम्   नेत्रेषु   नेत्राणि,,
B219,citra-bahu,B tables,"बहुवचनम्, नपुंसकलिङ्गम्",चित्र,pictures,8,चित्राणि   चित्राणि   चित्रैः   चित्रेभ्यः   चित्रेभ्यः   चित्राणाम्   चित्रेषु   चित्राणि,,
B220,aasana-bahu,B tables,"बहुवचनम्, नपुंसकलिङ्गम्",आसन,seats,8,आसनानि   आसनानि   आसनैः   आसनेभ्यः   आसनेभ्यः   आसनानाम्   आसनेषु   आसनानि,,
C01,citation-01,C one form each,प्रथमा एकवचनम्,,,8,अध्यापकः   सैनिकः   पितामहः   पौत्रः   अनुजः   अग्रजः   मातुलः   पुरुषः,अध्यापक सैनिक पितामह पौत्र अनुज अग्रज मातुल पुरुष,
C02,citation-02,C one form each,प्रथमा एकवचनम्,,,8,भक्तः   गायकः   लेखकः   नर्तकः   पाचकः   चालकः   आरक्षकः   व्याघ्रः,भक्त गायक लेखक नर्तक पाचक चालक आरक्षक व्याघ्र,
C03,citation-03,C one form each,प्रथमा एकवचनम्,,,8,वृषभः   सर्पः   मार्जारः   कुक्कुरः   शृगालः   मण्डूकः   शुकः   कोकिलः,वृषभ सर्प मार्जार कुक्कुर शृगाल मण्डूक शुक कोकिल,
C04,citation-04,C one form each,प्रथमा एकवचनम्,,,8,भ्रमरः   समुद्रः   सागरः   कूपः   ग्रन्थालयः   चिकित्सालयः   देवालयः   प्रासादः,भ्रमर समुद्र सागर कूप ग्रन्थालय चिकित्सालय देवालय प्रासाद,
C05,citation-05,C one form each,प्रथमा एकवचनम्,,,8,कलशः   चषकः   दण्डः   कर्णः   दन्तः   रथः   मोदकः   ओदनः,कलश चषक दण्ड कर्ण दन्त रथ मोदक ओदन,
C06,citation-06,C one form each,प्रथमा एकवचनम्,,,8,सूपः   स्यूतः   पर्यङ्कः   श्लोकः   पाठः   विवाहः   दिवसः   वसन्तः,सूप स्यूत पर्यङ्क श्लोक पाठ विवाह दिवस वसन्त,
C07,citation-07,C one form each,प्रथमा एकवचनम्,,,8,क्रोधः   विचारः   गुणः   चमसः   शङ्खः   ध्वजः   कन्दुकः   ब्राह्मणः,क्रोध विचार गुण चमस शङ्ख ध्वज कन्दुक ब्राह्मण,
C08,citation-08,C one form each,प्रथमा एकवचनम्,,,8,यजमानः   पण्डितः   तापसः   वृद्धः   श्वशुरः   नायकः   न्यायाधीशः   कुमारः,यजमान पण्डित तापस वृद्ध श्वशुर नायक न्यायाधीश कुमार,
C09,citation-09,C one form each,प्रथमा एकवचनम्,,,8,दारकः   सुतः   तनयः   मानवः   नागरिकः   ग्रामीणः   सहायकः   रक्षकः,दारक सुत तनय मानव नागरिक ग्रामीण सहायक रक्षक,
C10,citation-10,C one form each,प्रथमा एकवचनम्,,,8,वादकः   धावकः   याचकः   भिक्षुकः   दूतः   सूतः   भृत्यः   वीरः,वादक धावक याचक भिक्षुक दूत सूत भृत्य वीर,
C11,citation-11,C one form each,प्रथमा एकवचनम्,,,8,मूर्खः   यमः   वरुणः   कुबेरः   सुब्रह्मण्यः   अर्जुनः   भीमः   युधिष्ठिरः,मूर्ख यम वरुण कुबेर सुब्रह्मण्य अर्जुन भीम युधिष्ठिर,
C12,citation-12,C one form each,प्रथमा एकवचनम्,,,8,लक्ष्मणः   भरतः   सुग्रीवः   रावणः   गर्दभः   उष्ट्रः   मेषः   अजः,लक्ष्मण भरत सुग्रीव रावण गर्दभ उष्ट्र मेष अज,
C13,citation-13,C one form each,प्रथमा एकवचनम्,,,8,शशकः   नकुलः   वराहः   ऋक्षः   वृकः   मकरः   गृध्रः   उलूकः,शशक नकुल वराह ऋक्ष वृक मकर गृध्र उलूक,
C14,citation-14,C one form each,प्रथमा एकवचनम्,,,8,चक्रवाकः   मशकः   वृश्चिकः   कीटः   आम्रः   अशोकः   वटः   अश्वत्थः,चक्रवाक मशक वृश्चिक कीट आम्र अशोक वट अश्वत्थ,
C15,citation-15,C one form each,प्रथमा एकवचनम्,,,8,अङ्कुरः   शैलः   राजमार्गः   हट्टः   आश्रमः   मठः   छात्रावासः   विहारः,अङ्कुर शैल राजमार्ग हट्ट आश्रम मठ छात्रावास विहार,
C16,citation-16,C one form each,प्रथमा एकवचनम्,,,8,आरामः   कक्षः   प्रकोष्ठः   स्तम्भः   प्राकारः   कोणः   लड्डुकः   अपूपः,आराम कक्ष प्रकोष्ठ स्तम्भ प्राकार कोण लड्डुक अपूप,
C17,citation-17,C one form each,प्रथमा एकवचनम्,,,8,कन्दः   तण्डुलः   यवः   गुडः   आहारः   पनसः   खर्जूरः   रसः,कन्द तण्डुल यव गुड आहार पनस खर्जूर रस,
C18,citation-18,C one form each,प्रथमा एकवचनम्,,,8,कषायः   स्नेहः   शोकः   हर्षः   लोभः   मोहः   गर्वः   उत्साहः,कषाय स्नेह शोक हर्ष लोभ मोह गर्व उत्साह,
C19,citation-19,C one form each,प्रथमा एकवचनम्,,,8,विश्वासः   संशयः   प्रश्नः   उपायः   आरम्भः   समयः   कालः   मासः,विश्वास संशय प्रश्न उपाय आरम्भ समय काल मास,
C20,citation-20,C one form each,प्रथमा एकवचनम्,,,8,पक्षः   ग्रीष्मः   हेमन्तः   समारोहः   जन्मदिवसः   केशः   स्कन्धः   कण्ठः,पक्ष ग्रीष्म हेमन्त समारोह जन्मदिवस केश स्कन्ध कण्ठ,
C21,citation-21,C one form each,प्रथमा एकवचनम्,,,8,ओष्ठः   अङ्गुष्ठः   कुम्भः   पिटकः   खड्गः   बाणः   मुद्गरः   कोशः,ओष्ठ अङ्गुष्ठ कुम्भ पिटक खड्ग बाण मुद्गर कोश,
C22,citation-22,C one form each,प्रथमा एकवचनम्,,,8,हारः   कटकः   शकटः   प्लवः   मृदङ्गः   नादः   रागः   समूहः,हार कटक शकट प्लव मृदङ्ग नाद राग समूह,
C23,citation-23,C one form each,प्रथमा एकवचनम्,,,8,गणः   सङ्घः   शिष्या   गायिका   लेखिका   सेविका   कन्या   राधा,गण सङ्घ शिष्या गायिका लेखिका सेविका कन्या राधा,
C24,citation-24,C one form each,प्रथमा एकवचनम्,,,8,उमा   दुर्गा   यमुना   मथुरा   लङ्का   पाकशाला   वाटिका   गुहा,उमा दुर्गा यमुना मथुरा लङ्का पाकशाला वाटिका गुहा,
C25,citation-25,C one form each,प्रथमा एकवचनम्,,,8,नासिका   जिह्वा   ग्रीवा   पुस्तिका   पेटिका   कुञ्चिका   घटिका   घण्टा,नासिका जिह्वा ग्रीवा पुस्तिका पेटिका कुञ्चिका घटिका घण्टा,
C26,citation-26,C one form each,प्रथमा एकवचनम्,,,8,शय्या   दोला   द्विचक्रिका   रोटिका   वार्ता   दया   क्षमा   प्रार्थना,शय्या दोला द्विचक्रिका रोटिका वार्ता दया क्षमा प्रार्थना,
C27,citation-27,C one form each,प्रथमा एकवचनम्,,,8,परीक्षा   यात्रा   क्रीडा   सभा   सेना   शिला   छाया   चटका,परीक्षा यात्रा क्रीडा सभा सेना शिला छाया चटका,
C28,citation-28,C one form each,प्रथमा एकवचनम्,,,8,मक्षिका   पिपीलिका   वीणा   वर्षा   तारा   मुद्रा   जाया   भार्या,मक्षिका पिपीलिका वीणा वर्षा तारा मुद्रा जाया भार्या,
C29,citation-29,C one form each,प्रथमा एकवचनम्,,,8,स्नुषा   पण्डिता   प्रजा   कोकिला   सारिका   शर्करा   हरिद्रा   सुधा,स्नुषा पण्डिता प्रजा कोकिला सारिका शर्करा हरिद्रा सुधा,
C30,citation-30,C one form each,प्रथमा एकवचनम्,,,8,वेदिका   मञ्जूषा   कुण्डिका   थालिका   शलाका   सूचिका   तूलिका   पञ्जिका,वेदिका मञ्जूषा कुण्डिका थालिका शलाका सूचिका तूलिका पञ्जिका,
C31,citation-31,C one form each,प्रथमा एकवचनम्,,,8,प्रतिमा   पताका   मृत्तिका   शिबिका   शाला   गोशाला   नाट्यशाला   कन्दरा,प्रतिमा पताका मृत्तिका शिबिका शाला गोशाला नाट्यशाला कन्दरा,
C32,citation-32,C one form each,प्रथमा एकवचनम्,,,8,कुल्या   वसुधा   उषा   निशा   सीमा   दिशा   शोभा   निद्रा,कुल्या वसुधा उषा निशा सीमा दिशा शोभा निद्रा,
C33,citation-33,C one form each,प्रथमा एकवचनम्,,,8,चिन्ता   इच्छा   आशा   श्रद्धा   कृपा   व्यथा   कल्पना   सूचना,चिन्ता इच्छा आशा श्रद्धा कृपा व्यथा कल्पना सूचना,
C34,citation-34,C one form each,प्रथमा एकवचनम्,,,8,शिक्षा   कला   सेवा   रचना   घोषणा   गाथा   ऋचा   टीका,शिक्षा कला सेवा रचना घोषणा गाथा ऋचा टीका,
C35,citation-35,C one form each,प्रथमा एकवचनम्,,,8,संहिता   घटना   जटा   शिखा   गौरी   पार्वती   सरस्वती   जानकी,संहिता घटना जटा शिखा गौरी पार्वती सरस्वती जानकी,
C36,citation-36,C one form each,प्रथमा एकवचनम्,,,8,काशी   गोदावरी   कावेरी   पत्नी   किशोरी   नर्तकी   गृहिणी   दासी,काशी गोदावरी कावेरी पत्नी किशोरी नर्तकी गृहिणी दासी,
C37,citation-37,C one form each,प्रथमा एकवचनम्,,,8,कर्तरी   कूपी   महिषी   सिंही   मयूरी   हरिणी   वल्ली   कुटी,कर्तरी कूपी महिषी सिंही मयूरी हरिणी वल्ली कुटी,
C38,citation-38,C one form each,प्रथमा एकवचनम्,,,8,अङ्गुली   रजनी   मैत्री   युवती   स्वामिनी   छात्री   लक्ष्मी   गायत्री,अङ्गुली रजनी मैत्री युवती स्वामिनी छात्री लक्ष्मी गायत्री,
C39,citation-39,C one form each,प्रथमा एकवचनम्,,,8,शुकी   हंसी   कुक्कुटी   मृगी   वानरी   मार्जारी   व्याघ्री   अटवी,शुकी हंसी कुक्कुटी मृगी वानरी मार्जारी व्याघ्री अटवी,
C40,citation-40,C one form each,प्रथमा एकवचनम्,,,8,वाटी   वीथी   पुरी   वापी   तटिनी   नलिनी   तटी   मेदिनी,वाटी वीथी पुरी वापी तटिनी नलिनी तटी मेदिनी,
C41,citation-41,C one form each,प्रथमा एकवचनम्,,,8,गोष्ठी   मण्डली   श्रेणी   मञ्जरी   कुमुदिनी   पद्मिनी   यूथी   मालती,गोष्ठी मण्डली श्रेणी मञ्जरी कुमुदिनी पद्मिनी यूथी मालती,
C42,citation-42,C one form each,प्रथमा एकवचनम्,,,8,केतकी   तुलसी   पेटी   चुल्ली   देहली   वेणी   शर्वरी   पौर्णमी,केतकी तुलसी पेटी चुल्ली देहली वेणी शर्वरी पौर्णमी,
C43,citation-43,C one form each,प्रथमा एकवचनम्,,,8,एकादशी   आरती   सामग्री   कुसुमम्   कमलम्   पर्णम्   बीजम्   अरण्यम्,एकादशी आरती सामग्री कुसुम कमल पर्ण बीज अरण्य,
C44,citation-44,C one form each,प्रथमा एकवचनम्,,,8,दुग्धम्   क्षीरम्   अन्नम्   पायसम्   शाकम्   घृतम्   तैलम्   वाक्यम्,दुग्ध क्षीर अन्न पायस शाक घृत तैल वाक्य,
C45,citation-45,C one form each,प्रथमा एकवचनम्,,,8,पदम्   गीतम्   नृत्यम्   गानम्   नगरम्   भवनम्   सरोवरम्   तीर्थम्,पद गीत नृत्य गान नगर भवन सरोवर तीर्थ,
C46,citation-46,C one form each,प्रथमा एकवचनम्,,,8,नयनम्   हृदयम्   शरीरम्   कङ्कणम्   उपनेत्रम्   छत्रम्   व्यजनम्   वाहनम्,नयन हृदय शरीर कङ्कण उपनेत्र छत्र व्यजन वाहन,
C47,citation-47,C one form each,प्रथमा एकवचनम्,,,8,विमानम्   यानम्   चक्रम्   पात्रम्   द्वारम्   वातायनम्   सङ्गणकम्   दूरदर्शनम्,विमान यान चक्र पात्र द्वार वातायन सङ्गणक दूरदर्शन,
C48,citation-48,C one form each,प्रथमा एकवचनम्,,,8,सुखम्   शास्त्रम्   पुच्छम्   रत्नम्   नक्षत्रम्   स्नानम्   अध्ययनम्   दानम्,सुख शास्त्र पुच्छ रत्न नक्षत्र स्नान अध्ययन दान,
C49,citation-49,C one form each,प्रथमा एकवचनम्,,,8,भाषणम्   राष्ट्रम्   उपवनम्   काननम्   विपिनम्   द्वीपम्   शिखरम्   शृङ्गम्,भाषण राष्ट्र उपवन कानन विपिन द्वीप शिखर शृङ्ग,
C50,citation-50,C one form each,प्रथमा एकवचनम्,,,8,सोपानम्   प्राङ्गणम्   आयतनम्   तटम्   कूलम्   सलिलम्   उदकम्   पानीयम्,सोपान प्राङ्गण आयतन तट कूल सलिल उदक पानीय,
C51,citation-51,C one form each,प्रथमा एकवचनम्,,,8,लवणम्   मरिचम्   नवनीतम्   धान्यम्   मिष्टान्नम्   व्यञ्जनम्   सस्यम्   नारिकेलम्,लवण मरिच नवनीत धान्य मिष्टान्न व्यञ्जन सस्य नारिकेल,
C52,citation-52,C one form each,प्रथमा एकवचनम्,,,8,बदरम्   दाडिमम्   पङ्कजम्   उत्पलम्   मूलम्   तृणम्   काष्ठम्   नखम्,बदर दाडिम पङ्कज उत्पल मूल तृण काष्ठ नख,
C53,citation-53,C one form each,प्रथमा एकवचनम्,,,8,उदरम्   श्रोत्रम्   लोचनम्   वदनम्   ललाटम्   अङ्गम्   रुधिरम्   उत्तरीयम्,उदर श्रोत्र लोचन वदन ललाट अङ्ग रुधिर उत्तरीय,
C54,citation-54,C one form each,प्रथमा एकवचनम्,,,8,आभरणम्   कुण्डलम्   वलयम्   कवचम्   दर्पणम्   शयनम्   भाण्डम्   यन्त्रम्,आभरण कुण्डल वलय कवच दर्पण शयन भाण्ड यन्त्र,
C55,citation-55,C one form each,प्रथमा एकवचनम्,,,8,शस्त्रम्   सूत्रम्   औषधम्   मौक्तिकम्   सुवर्णम्   रजतम्   चूर्णम्   नाटकम्,शस्त्र सूत्र औषध मौक्तिक सुवर्ण रजत चूर्ण नाटक,
C56,citation-56,C one form each,प्रथमा एकवचनम्,,,8,काव्यम्   पुराणम्   सूक्तम्   स्तोत्रम्   वाद्यम्   मङ्गलम्   आमन्त्रणम्   कुलम्,काव्य पुराण सूक्त स्तोत्र वाद्य मङ्गल आमन्त्रण कुल,
C57,citation-57,C one form each,प्रथमा एकवचनम्,,,8,दिनम्   अन्तरिक्षम्   तिमिरम्   उत्तरम्   भयम्   धैर्यम्   साहसम्   स्मरणम्,दिन अन्तरिक्ष तिमिर उत्तर भय धैर्य साहस स्मरण,
C58,citation-58,C one form each,प्रथमा एकवचनम्,,,7,चिन्तनम्   दर्शनम्   श्रवणम्   लेखनम्   पठनम्   गायनम्   भ्रमणम्,चिन्तन दर्शन श्रवण लेखन पठन गायन भ्रमण,
D001,jana-dva,D dual tables,"द्विवचनम्, पुंलिङ्गम्",जन,two people,8,जनौ   जनौ   जनाभ्याम्   जनाभ्याम्   जनाभ्याम्   जनयोः   जनयोः   जनौ,used once dvivacana is switched on,
D002,simha-dva,D dual tables,"द्विवचनम्, पुंलिङ्गम्",सिंह,two lions,8,सिंहौ   सिंहौ   सिंहाभ्याम्   सिंहाभ्याम्   सिंहाभ्याम्   सिंहयोः   सिंहयोः   सिंहौ,used once dvivacana is switched on,
D003,vriksha-dva,D dual tables,"द्विवचनम्, पुंलिङ्गम्",वृक्ष,two trees,8,वृक्षौ   वृक्षौ   वृक्षाभ्याम्   वृक्षाभ्याम्   वृक्षाभ्याम्   वृक्षयोः   वृक्षयोः   वृक्षौ,used once dvivacana is switched on,
D004,baka-dva,D dual tables,"द्विवचनम्, पुंलिङ्गम्",बक,two cranes,8,बकौ   बकौ   बकाभ्याम्   बकाभ्याम्   बकाभ्याम्   बकयोः   बकयोः   बकौ,used once dvivacana is switched on,
D005,cora-dva,D dual tables,"द्विवचनम्, पुंलिङ्गम्",चोर,two thieves,8,चोरौ   चोरौ   चोराभ्याम्   चोराभ्याम्   चोराभ्याम्   चोरयोः   चोरयोः   चोरौ,used once dvivacana is switched on,
D006,megha-dva,D dual tables,"द्विवचनम्, पुंलिङ्गम्",मेघ,two clouds,8,मेघौ   मेघौ   मेघाभ्याम्   मेघाभ्याम्   मेघाभ्याम्   मेघयोः   मेघयोः   मेघौ,used once dvivacana is switched on,
D007,ghata-dva,D dual tables,"द्विवचनम्, पुंलिङ्गम्",घट,two pots,8,घटौ   घटौ   घटाभ्याम्   घटाभ्याम्   घटाभ्याम्   घटयोः   घटयोः   घटौ,used once dvivacana is switched on,
D008,tadaaga-dva,D dual tables,"द्विवचनम्, पुंलिङ्गम्",तडाग,two ponds,8,तडागौ   तडागौ   तडागाभ्याम्   तडागाभ्याम्   तडागाभ्याम्   तडागयोः   तडागयोः   तडागौ,used once dvivacana is switched on,
D009,matsya-dva,D dual tables,"द्विवचनम्, पुंलिङ्गम्",मत्स्य,two fish,8,मत्स्यौ   मत्स्यौ   मत्स्याभ्याम्   मत्स्याभ्याम्   मत्स्याभ्याम्   मत्स्ययोः   मत्स्ययोः   मत्स्यौ,used once dvivacana is switched on,
D010,aacaarya-dva,D dual tables,"द्विवचनम्, पुंलिङ्गम्",आचार्य,two masters,8,आचार्यौ   आचार्यौ   आचार्याभ्याम्   आचार्याभ्याम्   आचार्याभ्याम्   आचार्ययोः   आचार्ययोः   आचार्यौ,used once dvivacana is switched on,
D011,baalaka-dva,D dual tables,"द्विवचनम्, पुंलिङ्गम्",बालक,two boys,8,बालकौ   बालकौ   बालकाभ्याम्   बालकाभ्याम्   बालकाभ्याम्   बालकयोः   बालकयोः   बालकौ,used once dvivacana is switched on,
D012,muushaka-dva,D dual tables,"द्विवचनम्, पुंलिङ्गम्",मूषक,two mice,8,मूषकौ   मूषकौ   मूषकाभ्याम्   मूषकाभ्याम्   मूषकाभ्याम्   मूषकयोः   मूषकयोः   मूषकौ,used once dvivacana is switched on,
D013,vaanara-dva,D dual tables,"द्विवचनम्, पुंलिङ्गम्",वानर,two monkeys,8,वानरौ   वानरौ   वानराभ्याम्   वानराभ्याम्   वानराभ्याम्   वानरयोः   वानरयोः   वानरौ,used once dvivacana is switched on,
D014,khaga-dva,D dual tables,"द्विवचनम्, पुंलिङ्गम्",खग,two birds,8,खगौ   खगौ   खगाभ्याम्   खगाभ्याम्   खगाभ्याम्   खगयोः   खगयोः   खगौ,used once dvivacana is switched on,
D015,kapota-dva,D dual tables,"द्विवचनम्, पुंलिङ्गम्",कपोत,two pigeons,8,कपोतौ   कपोतौ   कपोताभ्याम्   कपोताभ्याम्   कपोताभ्याम्   कपोतयोः   कपोतयोः   कपोतौ,used once dvivacana is switched on,
D016,nripa-dva,D dual tables,"द्विवचनम्, पुंलिङ्गम्",नृप,two kings,8,नृपौ   नृपौ   नृपाभ्याम्   नृपाभ्याम्   नृपाभ्याम्   नृपयोः   नृपयोः   नृपौ,used once dvivacana is switched on,
D017,parvata-dva,D dual tables,"द्विवचनम्, पुंलिङ्गम्",पर्वत,two mountains,8,पर्वतौ   पर्वतौ   पर्वताभ्याम्   पर्वताभ्याम्   पर्वताभ्याम्   पर्वतयोः   पर्वतयोः   पर्वतौ,used once dvivacana is switched on,
D018,chaatra-dva,D dual tables,"द्विवचनम्, पुंलिङ्गम्",छात्र,two students,8,छात्रौ   छात्रौ   छात्राभ्याम्   छात्राभ्याम्   छात्राभ्याम्   छात्रयोः   छात्रयोः   छात्रौ,used once dvivacana is switched on,
D019,krishaka-dva,D dual tables,"द्विवचनम्, पुंलिङ्गम्",कृषक,two farmers,8,कृषकौ   कृषकौ   कृषकाभ्याम्   कृषकाभ्याम्   कृषकाभ्याम्   कृषकयोः   कृषकयोः   कृषकौ,used once dvivacana is switched on,
D020,ashva-dva,D dual tables,"द्विवचनम्, पुंलिङ्गम्",अश्व,two horses,8,अश्वौ   अश्वौ   अश्वाभ्याम्   अश्वाभ्याम्   अश्वाभ्याम्   अश्वयोः   अश्वयोः   अश्वौ,used once dvivacana is switched on,
D021,mriga-dva,D dual tables,"द्विवचनम्, पुंलिङ्गम्",मृग,two deer,8,मृगौ   मृगौ   मृगाभ्याम्   मृगाभ्याम्   मृगाभ्याम्   मृगयोः   मृगयोः   मृगौ,used once dvivacana is switched on,
D022,putra-dva,D dual tables,"द्विवचनम्, पुंलिङ्गम्",पुत्र,two sons,8,पुत्रौ   पुत्रौ   पुत्राभ्याम्   पुत्राभ्याम्   पुत्राभ्याम्   पुत्रयोः   पुत्रयोः   पुत्रौ,used once dvivacana is switched on,
D023,deva-dva,D dual tables,"द्विवचनम्, पुंलिङ्गम्",देव,two gods,8,देवौ   देवौ   देवाभ्याम्   देवाभ्याम्   देवाभ्याम्   देवयोः   देवयोः   देवौ,used once dvivacana is switched on,
D024,vaidya-dva,D dual tables,"द्विवचनम्, पुंलिङ्गम्",वैद्य,two doctors,8,वैद्यौ   वैद्यौ   वैद्याभ्याम्   वैद्याभ्याम्   वैद्याभ्याम्   वैद्ययोः   वैद्ययोः   वैद्यौ,used once dvivacana is switched on,
D025,gaja-dva,D dual tables,"द्विवचनम्, पुंलिङ्गम्",गज,two elephants,8,गजौ   गजौ   गजाभ्याम्   गजाभ्याम्   गजाभ्याम्   गजयोः   गजयोः   गजौ,used once dvivacana is switched on,
D026,grantha-dva,D dual tables,"द्विवचनम्, पुंलिङ्गम्",ग्रन्थ,two books,8,ग्रन्थौ   ग्रन्थौ   ग्रन्थाभ्याम्   ग्रन्थाभ्याम्   ग्रन्थाभ्याम्   ग्रन्थयोः   ग्रन्थयोः   ग्रन्थौ,used once dvivacana is switched on,
D027,shishya-dva,D dual tables,"द्विवचनम्, पुंलिङ्गम्",शिष्य,two disciples,8,शिष्यौ   शिष्यौ   शिष्याभ्याम्   शिष्याभ्याम्   शिष्याभ्याम्   शिष्ययोः   शिष्ययोः   शिष्यौ,used once dvivacana is switched on,
D028,kaaka-dva,D dual tables,"द्विवचनम्, पुंलिङ्गम्",काक,two crows,8,काकौ   काकौ   काकाभ्याम्   काकाभ्याम्   काकाभ्याम्   काकयोः   काकयोः   काकौ,used once dvivacana is switched on,
D029,graama-dva,D dual tables,"द्विवचनम्, पुंलिङ्गम्",ग्राम,two villages,8,ग्रामौ   ग्रामौ   ग्रामाभ्याम्   ग्रामाभ्याम्   ग्रामाभ्याम्   ग्रामयोः   ग्रामयोः   ग्रामौ,used once dvivacana is switched on,
D030,kacchapa-dva,D dual tables,"द्विवचनम्, पुंलिङ्गम्",कच्छप,two tortoises,8,कच्छपौ   कच्छपौ   कच्छपाभ्याम्   कच्छपाभ्याम्   कच्छपाभ्याम्   कच्छपयोः   कच्छपयोः   कच्छपौ,used once dvivacana is switched on,
D031,hamsa-dva,D dual tables,"द्विवचनम्, पुंलिङ्गम्",हंस,two swans,8,हंसौ   हंसौ   हंसाभ्याम्   हंसाभ्याम्   हंसाभ्याम्   हंसयोः   हंसयोः   हंसौ,used once dvivacana is switched on,
D032,utsava-dva,D dual tables,"द्विवचनम्, पुंलिङ्गम्",उत्सव,two festivals,8,उत्सवौ   उत्सवौ   उत्सवाभ्याम्   उत्सवाभ्याम्   उत्सवाभ्याम्   उत्सवयोः   उत्सवयोः   उत्सवौ,used once dvivacana is switched on,
D033,janaka-dva,D dual tables,"द्विवचनम्, पुंलिङ्गम्",जनक,two fathers,8,जनकौ   जनकौ   जनकाभ्याम्   जनकाभ्याम्   जनकाभ्याम्   जनकयोः   जनकयोः   जनकौ,used once dvivacana is switched on,
D034,shikshaka-dva,D dual tables,"द्विवचनम्, पुंलिङ्गम्",शिक्षक,two teachers,8,शिक्षकौ   शिक्षकौ   शिक्षकाभ्याम्   शिक्षकाभ्याम्   शिक्षकाभ्याम्   शिक्षकयोः   शिक्षकयोः   शिक्षकौ,used once dvivacana is switched on,
D035,mayuura-dva,D dual tables,"द्विवचनम्, पुंलिङ्गम्",मयूर,two peacocks,8,मयूरौ   मयूरौ   मयूराभ्याम्   मयूराभ्याम्   मयूराभ्याम्   मयूरयोः   मयूरयोः   मयूरौ,used once dvivacana is switched on,
D036,sevaka-dva,D dual tables,"द्विवचनम्, पुंलिङ्गम्",सेवक,two servants,8,सेवकौ   सेवकौ   सेवकाभ्याम्   सेवकाभ्याम्   सेवकाभ्याम्   सेवकयोः   सेवकयोः   सेवकौ,used once dvivacana is switched on,
D037,svara-dva,D dual tables,"द्विवचनम्, पुंलिङ्गम्",स्वर,two notes,8,स्वरौ   स्वरौ   स्वराभ्याम्   स्वराभ्याम्   स्वराभ्याम्   स्वरयोः   स्वरयोः   स्वरौ,used once dvivacana is switched on,
D038,desha-dva,D dual tables,"द्विवचनम्, पुंलिङ्गम्",देश,two countries,8,देशौ   देशौ   देशाभ्याम्   देशाभ्याम्   देशाभ्याम्   देशयोः   देशयोः   देशौ,used once dvivacana is switched on,
D039,maarga-dva,D dual tables,"द्विवचनम्, पुंलिङ्गम्",मार्ग,two roads,8,मार्गौ   मार्गौ   मार्गाभ्याम्   मार्गाभ्याम्   मार्गाभ्याम्   मार्गयोः   मार्गयोः   मार्गौ,used once dvivacana is switched on,
D040,diipa-dva,D dual tables,"द्विवचनम्, पुंलिङ्गम्",दीप,two lamps,8,दीपौ   दीपौ   दीपाभ्याम्   दीपाभ्याम्   दीपाभ्याम्   दीपयोः   दीपयोः   दीपौ,used once dvivacana is switched on,
D041,hasta-dva,D dual tables,"द्विवचनम्, पुंलिङ्गम्",हस्त,two hands,8,हस्तौ   हस्तौ   हस्ताभ्याम्   हस्ताभ्याम्   हस्ताभ्याम्   हस्तयोः   हस्तयोः   हस्तौ,used once dvivacana is switched on,
D042,aapana-dva,D dual tables,"द्विवचनम्, पुंलिङ्गम्",आपण,two shops,8,आपणौ   आपणौ   आपणाभ्याम्   आपणाभ्याम्   आपणाभ्याम्   आपणयोः   आपणयोः   आपणौ,used once dvivacana is switched on,
D043,vidyaalaya-dva,D dual tables,"द्विवचनम्, पुंलिङ्गम्",विद्यालय,two schools,8,विद्यालयौ   विद्यालयौ   विद्यालयाभ्याम्   विद्यालयाभ्याम्   विद्यालयाभ्याम्   विद्यालययोः   विद्यालययोः   विद्यालयौ,used once dvivacana is switched on,
D044,paada-dva,D dual tables,"द्विवचनम्, पुंलिङ्गम्",पाद,two feet,8,पादौ   पादौ   पादाभ्याम्   पादाभ्याम्   पादाभ्याम्   पादयोः   पादयोः   पादौ,used once dvivacana is switched on,
D045,baalikaa-dva,D dual tables,"द्विवचनम्, स्त्रीलिङ्गम्",बालिका,two girls,8,बालिके   बालिके   बालिकाभ्याम्   बालिकाभ्याम्   बालिकाभ्याम्   बालिकयोः   बालिकयोः   बालिके,used once dvivacana is switched on,
D046,kavitaa-dva,D dual tables,"द्विवचनम्, स्त्रीलिङ्गम्",कविता,two poems,8,कविते   कविते   कविताभ्याम्   कविताभ्याम्   कविताभ्याम्   कवितयोः   कवितयोः   कविते,used once dvivacana is switched on,
D047,draakshaa-dva,D dual tables,"द्विवचनम्, स्त्रीलिङ्गम्",द्राक्षा,two grapes,8,द्राक्षे   द्राक्षे   द्राक्षाभ्याम्   द्राक्षाभ्याम्   द्राक्षाभ्याम्   द्राक्षयोः   द्राक्षयोः   द्राक्षे,used once dvivacana is switched on,
D048,chaatraa-dva,D dual tables,"द्विवचनम्, स्त्रीलिङ्गम्",छात्रा,two students,8,छात्रे   छात्रे   छात्राभ्याम्   छात्राभ्याम्   छात्राभ्याम्   छात्रयोः   छात्रयोः   छात्रे,used once dvivacana is switched on,
D049,sandhyaa-dva,D dual tables,"द्विवचनम्, स्त्रीलिङ्गम्",सन्ध्या,two evenings,8,सन्ध्ये   सन्ध्ये   सन्ध्याभ्याम्   सन्ध्याभ्याम्   सन्ध्याभ्याम्   सन्ध्ययोः   सन्ध्ययोः   सन्ध्ये,used once dvivacana is switched on,
D050,ajaa-dva,D dual tables,"द्विवचनम्, स्त्रीलिङ्गम्",अजा,two goats,8,अजे   अजे   अजाभ्याम्   अजाभ्याम्   अजाभ्याम्   अजयोः   अजयोः   अजे,used once dvivacana is switched on,
D051,vriddhaa-dva,D dual tables,"द्विवचनम्, स्त्रीलिङ्गम्",वृद्धा,two old women,8,वृद्धे   वृद्धे   वृद्धाभ्याम्   वृद्धाभ्याम्   वृद्धाभ्याम्   वृद्धयोः   वृद्धयोः   वृद्धे,used once dvivacana is switched on,
D052,puujaa-dva,D dual tables,"द्विवचनम्, स्त्रीलिङ्गम्",पूजा,two worships,8,पूजे   पूजे   पूजाभ्याम्   पूजाभ्याम्   पूजाभ्याम्   पूजयोः   पूजयोः   पूजे,used once dvivacana is switched on,
D053,paathashaalaa-dva,D dual tables,"द्विवचनम्, स्त्रीलिङ्गम्",पाठशाला,two schools,8,पाठशाले   पाठशाले   पाठशालाभ्याम्   पाठशालाभ्याम्   पाठशालाभ्याम्   पाठशालयोः   पाठशालयोः   पाठशाले,used once dvivacana is switched on,
D054,shikshikaa-dva,D dual tables,"द्विवचनम्, स्त्रीलिङ्गम्",शिक्षिका,two teachers,8,शिक्षिके   शिक्षिके   शिक्षिकाभ्याम्   शिक्षिकाभ्याम्   शिक्षिकाभ्याम्   शिक्षिकयोः   शिक्षिकयोः   शिक्षिके,used once dvivacana is switched on,
D055,kathaa-dva,D dual tables,"द्विवचनम्, स्त्रीलिङ्गम्",कथा,two stories,8,कथे   कथे   कथाभ्याम्   कथाभ्याम्   कथाभ्याम्   कथयोः   कथयोः   कथे,used once dvivacana is switched on,
D056,kakshaa-dva,D dual tables,"द्विवचनम्, स्त्रीलिङ्गम्",कक्षा,two classrooms,8,कक्षे   कक्षे   कक्षाभ्याम्   कक्षाभ्याम्   कक्षाभ्याम्   कक्षयोः   कक्षयोः   कक्षे,used once dvivacana is switched on,
D057,lataa-dva,D dual tables,"द्विवचनम्, स्त्रीलिङ्गम्",लता,two creepers,8,लते   लते   लताभ्याम्   लताभ्याम्   लताभ्याम्   लतयोः   लतयोः   लते,used once dvivacana is switched on,
D058,maalaa-dva,D dual tables,"द्विवचनम्, स्त्रीलिङ्गम्",माला,two garlands,8,माले   माले   मालाभ्याम्   मालाभ्याम्   मालाभ्याम्   मालयोः   मालयोः   माले,used once dvivacana is switched on,
D059,bhaashaa-dva,D dual tables,"द्विवचनम्, स्त्रीलिङ्गम्",भाषा,two languages,8,भाषे   भाषे   भाषाभ्याम्   भाषाभ्याम्   भाषाभ्याम्   भाषयोः   भाषयोः   भाषे,used once dvivacana is switched on,
D060,patrikaa-dva,D dual tables,"द्विवचनम्, स्त्रीलिङ्गम्",पत्रिका,two magazines,8,पत्रिके   पत्रिके   पत्रिकाभ्याम्   पत्रिकाभ्याम्   पत्रिकाभ्याम्   पत्रिकयोः   पत्रिकयोः   पत्रिके,used once dvivacana is switched on,
D061,adhyaapikaa-dva,D dual tables,"द्विवचनम्, स्त्रीलिङ्गम्",अध्यापिका,two teachers,8,अध्यापिके   अध्यापिके   अध्यापिकाभ्याम्   अध्यापिकाभ्याम्   अध्यापिकाभ्याम्   अध्यापिकयोः   अध्यापिकयोः   अध्यापिके,used once dvivacana is switched on,
D062,naukaa-dva,D dual tables,"द्विवचनम्, स्त्रीलिङ्गम्",नौका,two boats,8,नौके   नौके   नौकाभ्याम्   नौकाभ्याम्   नौकाभ्याम्   नौकयोः   नौकयोः   नौके,used once dvivacana is switched on,
D063,shaakhaa-dva,D dual tables,"द्विवचनम्, स्त्रीलिङ्गम्",शाखा,two branches,8,शाखे   शाखे   शाखाभ्याम्   शाखाभ्याम्   शाखाभ्याम्   शाखयोः   शाखयोः   शाखे,used once dvivacana is switched on,
D064,nadii-dva,D dual tables,"द्विवचनम्, स्त्रीलिङ्गम्",नदी,two rivers,8,नद्यौ   नद्यौ   नदीभ्याम्   नदीभ्याम्   नदीभ्याम्   नद्योः   नद्योः   नद्यौ,used once dvivacana is switched on,
D065,devii-dva,D dual tables,"द्विवचनम्, स्त्रीलिङ्गम्",देवी,two goddesses,8,देव्यौ   देव्यौ   देवीभ्याम्   देवीभ्याम्   देवीभ्याम्   देव्योः   देव्योः   देव्यौ,used once dvivacana is switched on,
D066,nagarii-dva,D dual tables,"द्विवचनम्, स्त्रीलिङ्गम्",नगरी,two cities,8,नगर्यौ   नगर्यौ   नगरीभ्याम्   नगरीभ्याम्   नगरीभ्याम्   नगर्योः   नगर्योः   नगर्यौ,used once dvivacana is switched on,
D067,putrii-dva,D dual tables,"द्विवचनम्, स्त्रीलिङ्गम्",पुत्री,two daughters,8,पुत्र्यौ   पुत्र्यौ   पुत्रीभ्याम्   पुत्रीभ्याम्   पुत्रीभ्याम्   पुत्र्योः   पुत्र्योः   पुत्र्यौ,used once dvivacana is switched on,
D068,jananii-dva,D dual tables,"द्विवचनम्, स्त्रीलिङ्गम्",जननी,two mothers,8,जनन्यौ   जनन्यौ   जननीभ्याम्   जननीभ्याम्   जननीभ्याम्   जनन्योः   जनन्योः   जनन्यौ,used once dvivacana is switched on,
D069,lekhanii-dva,D dual tables,"द्विवचनम्, स्त्रीलिङ्गम्",लेखनी,two pens,8,लेखन्यौ   लेखन्यौ   लेखनीभ्याम्   लेखनीभ्याम्   लेखनीभ्याम्   लेखन्योः   लेखन्योः   लेखन्यौ,used once dvivacana is switched on,
D070,naarii-dva,D dual tables,"द्विवचनम्, स्त्रीलिङ्गम्",नारी,two women,8,नार्यौ   नार्यौ   नारीभ्याम्   नारीभ्याम्   नारीभ्याम्   नार्योः   नार्योः   नार्यौ,used once dvivacana is switched on,
D071,bhaginii-dva,D dual tables,"द्विवचनम्, स्त्रीलिङ्गम्",भगिनी,two sisters,8,भगिन्यौ   भगिन्यौ   भगिनीभ्याम्   भगिनीभ्याम्   भगिनीभ्याम्   भगिन्योः   भगिन्योः   भगिन्यौ,used once dvivacana is switched on,
D072,sakhii-dva,D dual tables,"द्विवचनम्, स्त्रीलिङ्गम्",सखी,two friends,8,सख्यौ   सख्यौ   सखीभ्याम्   सखीभ्याम्   सखीभ्याम्   सख्योः   सख्योः   सख्यौ,used once dvivacana is switched on,
D073,raajnyii-dva,D dual tables,"द्विवचनम्, स्त्रीलिङ्गम्",राज्ञी,two queens,8,राज्ञ्यौ   राज्ञ्यौ   राज्ञीभ्याम्   राज्ञीभ्याम्   राज्ञीभ्याम्   राज्ञ्योः   राज्ञ्योः   राज्ञ्यौ,used once dvivacana is switched on,
D074,kumaarii-dva,D dual tables,"द्विवचनम्, स्त्रीलिङ्गम्",कुमारी,two girls,8,कुमार्यौ   कुमार्यौ   कुमारीभ्याम्   कुमारीभ्याम्   कुमारीभ्याम्   कुमार्योः   कुमार्योः   कुमार्यौ,used once dvivacana is switched on,
D075,duuravaanii-dva,D dual tables,"द्विवचनम्, स्त्रीलिङ्गम्",दूरवाणी,two phones,8,दूरवाण्यौ   दूरवाण्यौ   दूरवाणीभ्याम्   दूरवाणीभ्याम्   दूरवाणीभ्याम्   दूरवाण्योः   दूरवाण्योः   दूरवाण्यौ,used once dvivacana is switched on,
D076,aasandii-dva,D dual tables,"द्विवचनम्, स्त्रीलिङ्गम्",आसन्दी,two chairs,8,आसन्द्यौ   आसन्द्यौ   आसन्दीभ्याम्   आसन्दीभ्याम्   आसन्दीभ्याम्   आसन्द्योः   आसन्द्योः   आसन्द्यौ,used once dvivacana is switched on,
D077,kadalii-dva,D dual tables,"द्विवचनम्, स्त्रीलिङ्गम्",कदली,two banana plants,8,कदल्यौ   कदल्यौ   कदलीभ्याम्   कदलीभ्याम्   कदलीभ्याम्   कदल्योः   कदल्योः   कदल्यौ,used once dvivacana is switched on,
D078,tarunii-dva,D dual tables,"द्विवचनम्, स्त्रीलिङ्गम्",तरुणी,two young women,8,तरुण्यौ   तरुण्यौ   तरुणीभ्याम्   तरुणीभ्याम्   तरुणीभ्याम्   तरुण्योः   तरुण्योः   तरुण्यौ,used once dvivacana is switched on,
D079,vana-dva,D dual tables,"द्विवचनम्, नपुंसकलिङ्गम्",वन,two forests,8,वने   वने   वनाभ्याम्   वनाभ्याम्   वनाभ्याम्   वनयोः   वनयोः   वने,used once dvivacana is switched on,
D080,mitra-dva,D dual tables,"द्विवचनम्, नपुंसकलिङ्गम्",मित्र,two friends,8,मित्रे   मित्रे   मित्राभ्याम्   मित्राभ्याम्   मित्राभ्याम्   मित्रयोः   मित्रयोः   मित्रे,used once dvivacana is switched on,
D081,griha-dva,D dual tables,"द्विवचनम्, नपुंसकलिङ्गम्",गृह,two houses,8,गृहे   गृहे   गृहाभ्याम्   गृहाभ्याम्   गृहाभ्याम्   गृहयोः   गृहयोः   गृहे,used once dvivacana is switched on,
D082,phala-dva,D dual tables,"द्विवचनम्, नपुंसकलिङ्गम्",फल,two fruits,8,फले   फले   फलाभ्याम्   फलाभ्याम्   फलाभ्याम्   फलयोः   फलयोः   फले,used once dvivacana is switched on,
D083,kaarya-dva,D dual tables,"द्विवचनम्, नपुंसकलिङ्गम्",कार्य,two works,8,कार्ये   कार्ये   कार्याभ्याम्   कार्याभ्याम्   कार्याभ्याम्   कार्ययोः   कार्ययोः   कार्ये,used once dvivacana is switched on,
D084,udyaana-dva,D dual tables,"द्विवचनम्, नपुंसकलिङ्गम्",उद्यान,two gardens,8,उद्याने   उद्याने   उद्यानाभ्याम्   उद्यानाभ्याम्   उद्यानाभ्याम्   उद्यानयोः   उद्यानयोः   उद्याने,used once dvivacana is switched on,
D085,pushpa-dva,D dual tables,"द्विवचनम्, नपुंसकलिङ्गम्",पुष्प,two flowers,8,पुष्पे   पुष्पे   पुष्पाभ्याम्   पुष्पाभ्याम्   पुष्पाभ्याम्   पुष्पयोः   पुष्पयोः   पुष्पे,used once dvivacana is switched on,
D086,mandira-dva,D dual tables,"द्विवचनम्, नपुंसकलिङ्गम्",मन्दिर,two temples,8,मन्दिरे   मन्दिरे   मन्दिराभ्याम्   मन्दिराभ्याम्   मन्दिराभ्याम्   मन्दिरयोः   मन्दिरयोः   मन्दिरे,used once dvivacana is switched on,
D087,kshetra-dva,D dual tables,"द्विवचनम्, नपुंसकलिङ्गम्",क्षेत्र,two fields,8,क्षेत्रे   क्षेत्रे   क्षेत्राभ्याम्   क्षेत्राभ्याम्   क्षेत्राभ्याम्   क्षेत्रयोः   क्षेत्रयोः   क्षेत्रे,used once dvivacana is switched on,
D088,vacana-dva,D dual tables,"द्विवचनम्, नपुंसकलिङ्गम्",वचन,two words,8,वचने   वचने   वचनाभ्याम्   वचनाभ्याम्   वचनाभ्याम्   वचनयोः   वचनयोः   वचने,used once dvivacana is switched on,
D089,mukha-dva,D dual tables,"द्विवचनम्, नपुंसकलिङ्गम्",मुख,two faces,8,मुखे   मुखे   मुखाभ्याम्   मुखाभ्याम्   मुखाभ्याम्   मुखयोः   मुखयोः   मुखे,used once dvivacana is switched on,
D090,varsha-dva,D dual tables,"द्विवचनम्, नपुंसकलिङ्गम्",वर्ष,two years,8,वर्षे   वर्षे   वर्षाभ्याम्   वर्षाभ्याम्   वर्षाभ्याम्   वर्षयोः   वर्षयोः   वर्षे,used once dvivacana is switched on,
D091,pustaka-dva,D dual tables,"द्विवचनम्, नपुंसकलिङ्गम्",पुस्तक,two books,8,पुस्तके   पुस्तके   पुस्तकाभ्याम्   पुस्तकाभ्याम्   पुस्तकाभ्याम्   पुस्तकयोः   पुस्तकयोः   पुस्तके,used once dvivacana is switched on,
D092,vastra-dva,D dual tables,"द्विवचनम्, नपुंसकलिङ्गम्",वस्त्र,two clothes,8,वस्त्रे   वस्त्रे   वस्त्राभ्याम्   वस्त्राभ्याम्   वस्त्राभ्याम्   वस्त्रयोः   वस्त्रयोः   वस्त्रे,used once dvivacana is switched on,
D093,patra-dva,D dual tables,"द्विवचनम्, नपुंसकलिङ्गम्",पत्र,two letters,8,पत्रे   पत्रे   पत्राभ्याम्   पत्राभ्याम्   पत्राभ्याम्   पत्रयोः   पत्रयोः   पत्रे,used once dvivacana is switched on,
D094,netra-dva,D dual tables,"द्विवचनम्, नपुंसकलिङ्गम्",नेत्र,two eyes,8,नेत्रे   नेत्रे   नेत्राभ्याम्   नेत्राभ्याम्   नेत्राभ्याम्   नेत्रयोः   नेत्रयोः   नेत्रे,used once dvivacana is switched on,
D095,citra-dva,D dual tables,"द्विवचनम्, नपुंसकलिङ्गम्",चित्र,two pictures,8,चित्रे   चित्रे   चित्राभ्याम्   चित्राभ्याम्   चित्राभ्याम्   चित्रयोः   चित्रयोः   चित्रे,used once dvivacana is switched on,
D096,aasana-dva,D dual tables,"द्विवचनम्, नपुंसकलिङ्गम्",आसन,two seats,8,आसने   आसने   आसनाभ्याम्   आसनाभ्याम्   आसनाभ्याम्   आसनयोः   आसनयोः   आसने,used once dvivacana is switched on,
